"img-fluid src","achievers-cont","achievers-cont 2","achievers-cont href"
"https://www.gla.ac.in/Uploads/faculty/424frt_Abhinav-Khatri-01.jpg","Mr. Abhinav Khatri","Assistant Professor","https://www.gla.ac.in/academics/faculty-detail/424/mr-abhinav-khatri"
"https://www.gla.ac.in/Uploads/faculty/1519frt_Small.jpg","Dr. Munmi Gogoi","Assistant Professor","https://www.gla.ac.in/academics/faculty-detail/1519/dr-munmi-gogoi"
"https://www.gla.ac.in/Uploads/faculty/700frt_639frt_577frt_383frt_01.jpg","Ms. Kirti Agrawal","Assistant Professor","https://www.gla.ac.in/academics/faculty-detail/700/ms-kirti-agrawal"
"https://www.gla.ac.in/Uploads/faculty/1520frt_Small.jpg","Dr. Dipak Kumar Sah","Assistant Professor","https://www.gla.ac.in/academics/faculty-detail/1520/dr-dipak-kumar-sah"
"https://www.gla.ac.in/Uploads/faculty/702frt_SonaliAgrawal-Copy.jpg","Ms. Sonali Agrawal","Assistant Professor","https://www.gla.ac.in/academics/faculty-detail/702/ms-sonali-agrawal"
"https://www.gla.ac.in/Uploads/faculty/703frt_VineetaSingh.jpg","Ms. Vineeta Singh","Assistant Professor","https://www.gla.ac.in/academics/faculty-detail/703/ms-vineeta-singh"
"https://www.gla.ac.in/Uploads/faculty/1521frt_Small.jpg","Dr. Sujatha Jayaraj","Assistant Professor","https://www.gla.ac.in/academics/faculty-detail/1521/dr-sujatha-jayaraj"
"https://www.gla.ac.in/Uploads/faculty/704frt_639frt_577frt_383frt_01.jpg","Ms. Monika Verma","Assistant Professor","https://www.gla.ac.in/academics/faculty-detail/704/ms-monika-verma"
"https://www.gla.ac.in/Uploads/faculty/1522frt_Small.jpg","Dr. Varun Mishra","Assistant Professor","https://www.gla.ac.in/academics/faculty-detail/1522/dr-varun-mishra"
"https://www.gla.ac.in/Uploads/faculty/707frt_ManiMishra-Copy.jpg","Mr. Mani Mishra","Assistant Professor","https://www.gla.ac.in/academics/faculty-detail/707/mr-mani-mishra"
"https://www.gla.ac.in/Uploads/faculty/708frt_AartiVarshney-Copy.jpg","Ms. Aarti Varshney","Assistant Professor","https://www.gla.ac.in/academics/faculty-detail/708/ms-aarti-varshney"
"https://www.gla.ac.in/Uploads/faculty/808frt_AnilKumarSaxenaGLA316538(1).jpg","Mr. Anil Kumar Saxena","Assistant Professor","https://www.gla.ac.in/academics/faculty-detail/808/mr-anil-kumar-saxena"
"https://www.gla.ac.in/Uploads/faculty/1523frt_Small.jpg","Dr. Anuj Mangal","Assistant Professor","https://www.gla.ac.in/academics/faculty-detail/1523/dr-anuj-mangal"
"https://www.gla.ac.in/Uploads/faculty/1319frt_MinaksheeWanodeAsst.Prof.CSGLA123297-Copy.JPG","Ms. Minakshee Wanode","Assistant Professor","https://www.gla.ac.in/academics/faculty-detail/1319/ms-minakshee-wanode"
"https://www.gla.ac.in/Uploads/faculty/811frt_ArunKumarSingh(TechnologyTraineeComputer.Section).JPG","Mr. Arun Kumar Singh","Assistant Professor","https://www.gla.ac.in/academics/faculty-detail/811/mr-arun-kumar-singh"
"https://www.gla.ac.in/Uploads/faculty/1524frt_Small.jpg","Dr. Anil Kumar","Assistant Professor","https://www.gla.ac.in/academics/faculty-detail/1524/dr-anil-kumar"
"https://www.gla.ac.in/Uploads/faculty/29frt_Arvind-Kumar-Yadav.jpg","Dr. Arvind Kumar Yadav","Assistant Professor","https://www.gla.ac.in/academics/faculty-detail/29/dr-arvind-kumar-yadav"
"https://www.gla.ac.in/Uploads/faculty/690frt_PriyankaSharmaAsst.ProfCSGLA120260.JPG","Ms. Priyanka Sharma","Assistant Professor","https://www.gla.ac.in/academics/faculty-detail/690/ms-priyanka-sharma"
"https://www.gla.ac.in/Uploads/faculty/698frt_Yogendras.jpg","Mr. Yogendra Kumar","Assistant Professor","https://www.gla.ac.in/academics/faculty-detail/698/mr-yogendra-kumar"
"https://www.gla.ac.in/Uploads/faculty/1525frt_Small.jpg","Dr. Arvind Prasad","Assistant Professor","https://www.gla.ac.in/academics/faculty-detail/1525/dr-arvind-prasad"
"https://www.gla.ac.in/Uploads/faculty/1526frt_Small.jpg","Dr. Parul Choudhary","Assistant Professor","https://www.gla.ac.in/academics/faculty-detail/1526/dr-parul-choudhary"
"https://www.gla.ac.in/Uploads/faculty/389frt_Pravesh-Kumar-Tiwari-Lecturer-Civil-01.jpg","Mr. Pravesh Kumar Tiwari","Lecturer","https://www.gla.ac.in/academics/faculty-detail/389/mr-pravesh-kumar-tiwari"
"https://www.gla.ac.in/Uploads/faculty/894frt_SachinChaudhary-Copy.jpg","Mr. Sachin Kumar Chaudhary","Assistant Professor (Research)","https://www.gla.ac.in/academics/faculty-detail/894/mr-sachin-kumar-chaudhary"
"https://www.gla.ac.in/Uploads/faculty/895frt_AKANKSHABANSAL-Copy.JPG","Ms. Akanksha Bansal","Assistant Professor (Research)","https://www.gla.ac.in/academics/faculty-detail/895/ms-akanksha-bansal"
"https://www.gla.ac.in/Uploads/faculty/819frt_Nabanitabasu-Copy.bmp","Dr. Nanabita Basu","Assistant Professor","https://www.gla.ac.in/academics/faculty-detail/819/dr-nanabita-basu"
"https://www.gla.ac.in/Uploads/faculty/896frt_NidhiSharma-Copy.jpg","Ms. Nidhi Sharma","Assistant Professor (Research)","https://www.gla.ac.in/academics/faculty-detail/896/ms-nidhi-sharma"
"https://www.gla.ac.in/Uploads/faculty/898frt_PragatiBhardwaj-Copy.jpg","Ms. Pragati Bhardwaj","Assistant Professor (Research)","https://www.gla.ac.in/academics/faculty-detail/898/ms-pragati-bhardwaj"
"https://www.gla.ac.in/Uploads/faculty/1233frt_VikashSawanAsst.s.png","Mr. Vikash Sawan","Assistant Professor","https://www.gla.ac.in/academics/faculty-detail/1233/mr-vikash-sawan-"
"https://www.gla.ac.in/Uploads/faculty/262frt_Nitesh-Bhardwaj.jpg","Mr. Nitesh Bhardwaj","Assistant Professor","https://www.gla.ac.in/academics/faculty-detail/262/mr-nitesh-bhardwaj"
"https://www.gla.ac.in/Uploads/faculty/821frt_QuaziZiauddinMasterTrainerVerbalEnglishGLA216029.JPG","Mr. Ziauddin Quazi","Assistant Professor","https://www.gla.ac.in/academics/faculty-detail/821/mr-ziauddin-quazi-"
"https://www.gla.ac.in/Uploads/faculty/899frt_JyotiChaudhary-Copy.jpg","Ms. Jyoti Chaudhary","Assistant Professor (Research)","https://www.gla.ac.in/academics/faculty-detail/899/ms-jyoti-chaudhary"
"https://www.gla.ac.in/Uploads/faculty/900frt_NehaPareek-Copy.jpg","Ms. Neha pareek","Assistant Professor (Research)","https://www.gla.ac.in/academics/faculty-detail/900/ms-neha-pareek"
"https://www.gla.ac.in/Uploads/faculty/901frt_ShikhaTiwari-Copy.JPG","Ms. Shikha Tiwari","Assistant Professor (Research)","https://www.gla.ac.in/academics/faculty-detail/901/ms-shikha-tiwari"
"https://www.gla.ac.in/Uploads/faculty/902frt_Nandini_Tomar.jpeg","Ms. Nandini Tomar","Assistant Professor (Research)","https://www.gla.ac.in/academics/faculty-detail/902/ms-nandini-tomar"
"https://www.gla.ac.in/Uploads/faculty/823frt_RuchiGuptaSeniorTrainerT&DGLA117857.JPG","Ms. Ruchi Gupta","Assistant Professor","https://www.gla.ac.in/academics/faculty-detail/823/ms-ruchi-gupta"
"https://www.gla.ac.in/Uploads/faculty/824frt_548frt_383frt_01.jpg","Mr. Sachin Singh","Assistant Professor","https://www.gla.ac.in/academics/faculty-detail/824/mr-sachin-singh"
"https://www.gla.ac.in/Uploads/faculty/903frt_AkankshaAhirwa-Copy.jpg","Ms. Akanksha Ahirwal","Assistant Professor (Research)","https://www.gla.ac.in/academics/faculty-detail/903/ms-akanksha-ahirwal"
"https://www.gla.ac.in/Uploads/faculty/904frt_AsmitaRay-Copy.jpg","Ms. Asmita Ray","Assistant Professor (Research)","https://www.gla.ac.in/academics/faculty-detail/904/ms-asmita-ray"
"https://www.gla.ac.in/Uploads/faculty/905frt_Asmita-Copy.jpg","Ms. Asmita","Assistant Professor (Research)","https://www.gla.ac.in/academics/faculty-detail/905/ms-asmita"
"https://www.gla.ac.in/Uploads/faculty/906frt_MilindSudhakarDeshkar-Copy.jpg","Mr. Milind Sudhakar Deshkar","Assistant Professor (Research)","https://www.gla.ac.in/academics/faculty-detail/906/mr-milind-sudhakar-deshkar"
"https://www.gla.ac.in/Uploads/faculty/907frt_Garima-Copy.jpg","Ms. Garima","Assistant Professor (Research)","https://www.gla.ac.in/academics/faculty-detail/907/ms-garima"
"https://www.gla.ac.in/Uploads/faculty/755frt_IMG_6828(1).jpg","Ms. Kanchan Yadav","Assistant Professor","https://www.gla.ac.in/academics/faculty-detail/755/ms-kanchan-yadav"
"https://www.gla.ac.in/Uploads/faculty/774frt_AyushGupta.JPG","Mr. Ayush Gupta","Assistant Professor","https://www.gla.ac.in/academics/faculty-detail/774/mr-ayush-gupta"
"https://www.gla.ac.in/Uploads/faculty/885frt_ManojKumarSrivastava-Copy.png","Dr. Manoj Kumar Shrivastava","Assistant Professor","https://www.gla.ac.in/academics/faculty-detail/885/dr-manoj-kumar-shrivastava"
"https://www.gla.ac.in/Uploads/faculty/908frt_825frt_rahul-Small.jpg","Mr. Shivakumar V","Assistant Professor (Research)","https://www.gla.ac.in/academics/faculty-detail/908/mr-shivakumar-v"
"https://www.gla.ac.in/Uploads/faculty/754frt_KrishnaKantDixitAsst.Prof.CSGLA120286(2).jpg","Mr. Krishna Kant Dixit","Assistant Professor","https://www.gla.ac.in/academics/faculty-detail/754/mr-krishna-kant-dixit"
"https://www.gla.ac.in/Uploads/faculty/986frt_manzar-nezami-sm.webp","Dr. Md. Manzar Nezami","Assistant Professor","https://www.gla.ac.in/academics/faculty-detail/986/dr-md-manzar-nezami"
"https://www.gla.ac.in/Uploads/faculty/751frt_PrernaSharmaAsst.ProfCS01.jpg","Ms. Prerna Sharma","Assistant Professor","https://www.gla.ac.in/academics/faculty-detail/751/ms-prerna-sharma"
"https://www.gla.ac.in/Uploads/faculty/750frt_ShilpiYadav-Copy.jpg","Ms. Shilpi Yadav","Assistant Professor","https://www.gla.ac.in/academics/faculty-detail/750/ms-shilpi-yadav"
"https://www.gla.ac.in/Uploads/faculty/748frt_ManishaSingh-Copy.jpg","Ms. Manisha Singh","Assistant Professor","https://www.gla.ac.in/academics/faculty-detail/748/ms-manisha-singh"
"https://www.gla.ac.in/Uploads/faculty/745frt_AkashKumarChoudhary(1).JPG","Mr. Akash Kumar Chaudhary","Assistant Professor","https://www.gla.ac.in/academics/faculty-detail/745/mr-akash-kumar-chaudhary"
"https://www.gla.ac.in/Uploads/faculty/1500frt_Small.jpg","Dr. Tapan Kant","Assistant Professor","https://www.gla.ac.in/academics/faculty-detail/1500/dr-tapan-kant"
"https://www.gla.ac.in/Uploads/faculty/741frt_JayPrakashGarg.JPG","Mr. Jay Prakash Garg","Assistant Professor","https://www.gla.ac.in/academics/faculty-detail/741/mr-jay-prakash-garg"
"https://www.gla.ac.in/Uploads/faculty/1131frt_Sachin-Upadhyay-sm.jpg","Mr. Sachin Upadhyay","Assistant Professor","https://www.gla.ac.in/academics/faculty-detail/1131/mr-sachin-upadhyay"
"https://www.gla.ac.in/Uploads/faculty/1357frt_jharna-agarwal-sm.webp","Dr. Jharna Agrawal","Assistant Professor","https://www.gla.ac.in/academics/faculty-detail/1357/dr-jharna-agrawal"
"https://www.gla.ac.in/Uploads/faculty/909frt_Anushree-Copy.jpg","Ms. Anushree","Assistant Professor","https://www.gla.ac.in/academics/faculty-detail/909/ms-anushree"
"https://www.gla.ac.in/Uploads/faculty/1496frt_Small.jpg","Ms. Roshni Patoa","Associate Professor","https://www.gla.ac.in/academics/faculty-detail/1496/ms-roshni-patoa"
"https://www.gla.ac.in/Uploads/faculty/929frt_825frt_rahul-Small.jpg","Ms. Rounak Agrawal","Assistant Professor","https://www.gla.ac.in/academics/faculty-detail/929/ms-rounak-agrawal"
"https://www.gla.ac.in/Uploads/faculty/928frt_SaloniBansalAst.Prof.GLA120297CS.jpg","Ms. Saloni Bansal","Assistant Professor","https://www.gla.ac.in/academics/faculty-detail/928/ms-saloni-bansal"
"https://www.gla.ac.in/Uploads/faculty/927frt_NiraAsst.ProfCEAGLA120298-Copy.JPG","Ms. Neera","Assistant Professor","https://www.gla.ac.in/academics/faculty-detail/927/ms-neera"
"https://www.gla.ac.in/Uploads/faculty/923frt_AnkushS.jpg","Dr. Ankush Agrawal","Assistant Professor","https://www.gla.ac.in/academics/faculty-detail/923/dr-ankush-agrawal"
"https://www.gla.ac.in/Uploads/faculty/1347frt_ManishKalraAsst.Prof.ECGLA123054.JPG","Dr. Manish Kalra","Assistant Professor","https://www.gla.ac.in/academics/faculty-detail/1347/dr-manish-kalra"
"https://www.gla.ac.in/Uploads/faculty/381frt_Bhagat-Singh-Lecturer-Mechanical-01.jpg","Mr. Bhagat Singh","Senior Lecturer","https://www.gla.ac.in/academics/faculty-detail/381/mr-bhagat-singh"
"https://www.gla.ac.in/Uploads/faculty/922frt_Payal_Bose-Copy.png","Ms. Payal Bose","Assistant Professor","https://www.gla.ac.in/academics/faculty-detail/922/ms-payal-bose"
"https://www.gla.ac.in/Uploads/faculty/911frt_UpasanaSingh-Copy.jpg","Ms. Upasana Singh","Assistant Professor","https://www.gla.ac.in/academics/faculty-detail/911/ms-upasana-singh"
"https://www.gla.ac.in/Uploads/faculty/1408frt_SumitNagarAsst.ProfResearchMEGLA123003.JPG","Mr. Sumit Nagar","Assistant Professor","https://www.gla.ac.in/academics/faculty-detail/1408/mr-sumit-nagar"
"https://www.gla.ac.in/Uploads/faculty/1352frt_SoumyaShrivastavaAsst.ProfCSEGLA123071.JPG","Ms. Soumya Shrivastava","Assistant Professor","https://www.gla.ac.in/academics/faculty-detail/1352/ms-soumya-shrivastava"
"https://www.gla.ac.in/Uploads/faculty/913frt_825frt_rahul-Small.jpg","Dr. Ranjana Joshi","Assistant Professor","https://www.gla.ac.in/academics/faculty-detail/913/dr-ranjana-joshi"
"https://www.gla.ac.in/Uploads/faculty/973frt_ShivankS.jpg","Mr. Shivank Chauhan","Teaching Assistant","https://www.gla.ac.in/academics/faculty-detail/973/mr-shivank-chauhan"
"https://www.gla.ac.in/Uploads/faculty/1314frt_SaurabhRajSangwanAsst.ProfCEAGLA123066-Copy.JPG","Mr. Saurabh Raj Sangwan","Assistant Professor","https://www.gla.ac.in/academics/faculty-detail/1314/mr-saurabh-raj-sangwan"
"https://www.gla.ac.in/Uploads/faculty/1504frt_Small.jpg","Dr. Medha Kirti","Assistant Professor","https://www.gla.ac.in/academics/faculty-detail/1504/dr-medha-kirti"
"https://www.gla.ac.in/Uploads/faculty/914frt_JuhiSingh-Copy.jpg","Ms. Juhi Singh","Assistant Professor","https://www.gla.ac.in/academics/faculty-detail/914/ms-juhi-singh"
"https://www.gla.ac.in/Uploads/faculty/918frt_AbhishekToofani.png","Mr. Abhishek Toofani","Assistant Professor","https://www.gla.ac.in/academics/faculty-detail/918/mr-abhishek-toofani"
"https://www.gla.ac.in/Uploads/faculty/1505frt_Small.jpg","Ms. Ruby Singh","Assistant Professor","https://www.gla.ac.in/academics/faculty-detail/1505/ms-ruby-singh"
"https://www.gla.ac.in/Uploads/faculty/1506frt_Small.jpg","Mr. Sushil Kumar","Associate Professor","https://www.gla.ac.in/academics/faculty-detail/1506/mr-sushil-kumar"
"https://www.gla.ac.in/Uploads/faculty/917frt_RituRai-Copy.jpg","Ms. Ritu Rai","Assistant Professor","https://www.gla.ac.in/academics/faculty-detail/917/ms-ritu-rai"
"https://www.gla.ac.in/Uploads/faculty/919frt_RiteshKumari-Copy.png","Ms. Ritesh Kumari","Assistant Professor","https://www.gla.ac.in/academics/faculty-detail/919/ms-ritesh-kumari"
"https://www.gla.ac.in/Uploads/faculty/915frt_RichaPandey.jpg","Ms. Richa Pandey","Assistant Professor","https://www.gla.ac.in/academics/faculty-detail/915/ms-richa-pandey"
"https://www.gla.ac.in/Uploads/faculty/916frt_RishabhVats.jpg","Mr. Rishabh Vats","Assistant Professor","https://www.gla.ac.in/academics/faculty-detail/916/mr-rishabh-vats"
"https://www.gla.ac.in/Uploads/faculty/1321frt_PrabhatKumarAsst.Prof.CEAGLA123065-Copy.JPG","Mr. Prabhat Kumar","Assistant Professor","https://www.gla.ac.in/academics/faculty-detail/1321/mr-prabhat-kumar"
"https://www.gla.ac.in/Uploads/faculty/1349frt_RahulKumarAsst.Prof.CivilGLA123207.JPG","Mr. Rahul Kumar","Assistant Professor","https://www.gla.ac.in/academics/faculty-detail/1349/mr-rahul-kumar"
"https://www.gla.ac.in/Uploads/faculty/1367frt_ManishaAsst.ProfECEGLA124252-Copy.JPG","Ms. Manisha","Assistant Professor","https://www.gla.ac.in/academics/faculty-detail/1367/ms-manisha"
"https://www.gla.ac.in/Uploads/faculty/1323frt_PuneetSharmaTeachingAsso.CEAGLA123063.JPG","Dr. Puneet Sharma","Assistant Professor","https://www.gla.ac.in/academics/faculty-detail/1323/dr-puneet-sharma"
"https://www.gla.ac.in/Uploads/faculty/1324frt_ShashankSekharRoutAsst.Prof.ECGLA123309.JPG","Dr. Shashank Sekhar Rout","Assistant Professor","https://www.gla.ac.in/academics/faculty-detail/1324/dr-shashank-sekhar-rout"
"https://www.gla.ac.in/Uploads/faculty/1344frt_AvaneeshKumarYadavAsst.ProfCEAGLA123300-Copy.JPG","Mr. Avaneesh Kumar Yadav","Assistant Professor","https://www.gla.ac.in/academics/faculty-detail/1344/mr-avaneesh-kumar-yadav"
"https://www.gla.ac.in/Uploads/faculty/1483frt_ShubhamVermaAsst.Prof.MechanicalGLA124003.JPG","Mr. Shubham Verma","Assistant Professor","https://www.gla.ac.in/academics/faculty-detail/1483/mr-shubham-verma"
"https://www.gla.ac.in/Uploads/faculty/1325frt_SumanKumarDasTechnicalTrainerCEAGLA123064-Copy.JPG","Mr. Suman Kumar Das","Technical Trainer","https://www.gla.ac.in/academics/faculty-detail/1325/mr-suman-kumar-das"
"https://www.gla.ac.in/Uploads/faculty/1343frt_JayatiKrishnaGoswamiAsst.ProfCEAGLA123053.JPG","Mr. Jayati Krishna Goswami","Assistant Professor","https://www.gla.ac.in/academics/faculty-detail/1343/mr-jayati-krishna-goswami-"
"https://www.gla.ac.in/Uploads/faculty/375frt_Sameer-Vishwakarma.jpg","Mr. Sameer Vishwakarma","Senior Lecturer","https://www.gla.ac.in/academics/faculty-detail/375/mr-sameer-vishwakarma"
"https://www.gla.ac.in/Uploads/faculty/1345frt_RakeshPandeyAsst.ProfCEAGLA123052.JPG","Mr. Rakesh Pandey","Assistant Professor","https://www.gla.ac.in/academics/faculty-detail/1345/mr-rakesh-pandey"
"https://www.gla.ac.in/Uploads/faculty/1120frt_Small.jpg","Ms. Kamini Pathak","Assistant Professor","https://www.gla.ac.in/academics/faculty-detail/1120/ms-kamini-pathak"
"https://www.gla.ac.in/Uploads/faculty/1249frt_AyushiSharmas.png","Ms. Ayushi Sharma","Assistant Professor","https://www.gla.ac.in/academics/faculty-detail/1249/ms-ayushi-sharma-"
"https://www.gla.ac.in/Uploads/faculty/1329frt_RickChatterjeeAsst.Prof.CEAGLA123057.JPG","Mr. Rick Chatterjee","Assistant Professor","https://www.gla.ac.in/academics/faculty-detail/1329/mr-rick-chatterjee"
"https://www.gla.ac.in/Uploads/faculty/1394frt_DVPrashantAsst.ProfECEGLA124255.JPG","Dr. D V Prashant","Assistant Professor","https://www.gla.ac.in/academics/faculty-detail/1394/dr-d-v-prashant"
"https://www.gla.ac.in/Uploads/faculty/1421frt_ShahbazAhmadKhandayAsst.ProfCEAGLA124162(1).png","Mr. Shahbaz Ahmad Khanday","Assistant Professor","https://www.gla.ac.in/academics/faculty-detail/1421/mr-shahbaz-ahmad-khanday"
"https://www.gla.ac.in/Uploads/faculty/1122frt_SiddharthSinghTeachingAssociateCEAGLA122273.JPG","Mr. Siddharth Singh","Assistant Professor","https://www.gla.ac.in/academics/faculty-detail/1122/mr-siddharth-singh"
"https://www.gla.ac.in/Uploads/faculty/880frt_AyushS.jpg","Dr. Aayush Gupta","Assistant Professor","https://www.gla.ac.in/academics/faculty-detail/880/dr-aayush-gupta"
"https://www.gla.ac.in/Uploads/faculty/1123frt_AnkurRaiAsst.Prof.CSGLA122274.JPG","Dr. Ankur Rai","Assistant Professor","https://www.gla.ac.in/academics/faculty-detail/1123/dr-ankur-rai"
"https://www.gla.ac.in/Uploads/faculty/1153frt_Ms.-Ayushi-Dixit-sm.jpg","Ms. Ayushi Dixit","Assistant Professor","https://www.gla.ac.in/academics/faculty-detail/1153/ms-ayushi-dixit"
"https://www.gla.ac.in/Uploads/faculty/1217frt_DipankarBiswasAB.png","Dr. Dipankar Biswas","Assistant Professor - Research","https://www.gla.ac.in/academics/faculty-detail/1217/dr-dipankar-biswas"
"https://www.gla.ac.in/Uploads/faculty/1274frt_BrajeshKumarShuklaAsst.ProfCEAGLA123262.jpg","Mr. Brajesh Kumar Shukla","Assistant Professor","https://www.gla.ac.in/academics/faculty-detail/1274/mr-brajesh-kumar-shukla"
"https://www.gla.ac.in/Uploads/faculty/1327frt_KamalNarayanKamleshAsst.ProfCEAGLA122284.JPG","Mr. Kamal Narayan Kamlesh","Assistant Professor","https://www.gla.ac.in/academics/faculty-detail/1327/mr-kamal-narayan-kamlesh"
"https://www.gla.ac.in/Uploads/faculty/1409frt_RahulKumarAsst.ProfECEGLA124254-Copy.JPG","Dr. Rahul Kumar","Assistant Professor","https://www.gla.ac.in/academics/faculty-detail/1409/dr-rahul-kumar"
"https://www.gla.ac.in/Uploads/faculty/1423frt_MrinmoyKayalAsst.ProfCEAGLA124164.JPG","Mr. Mrinmoy Kayal","Assistant Professor","https://www.gla.ac.in/academics/faculty-detail/1423/mr-mrinmoy-kayal"
"https://www.gla.ac.in/Uploads/faculty/1242frt_RahulShandilyas.png","Mr. Rahul Shandilya","Assistant Professor","https://www.gla.ac.in/academics/faculty-detail/1242/mr-rahul-shandilya-"
"https://www.gla.ac.in/Uploads/faculty/1416frt_SaurabhTewariAsst.ProfCEAGLA124154-Copy.JPG","Mr. Saurabh Tewari","Assistant Professor","https://www.gla.ac.in/academics/faculty-detail/1416/mr-saurabh-tewari-"
"https://www.gla.ac.in/Uploads/faculty/1434frt_SonalSinghAsst.Prof.CEAGLA124167.JPG","Ms. Sonal Singh","Assistant Professor","https://www.gla.ac.in/academics/faculty-detail/1434/ms-sonal-singh"
"https://www.gla.ac.in/Uploads/faculty/1479frt_KoushikChoudhuryAsst.ProfCEAGLA124196.JPG","Mr. Koushik Choudhury","Assistant Professor","https://www.gla.ac.in/academics/faculty-detail/1479/mr-koushik-choudhury"
"https://www.gla.ac.in/Uploads/faculty/1488frt_AshishKumarPalAsst.ProfCEAGLA124200.JPG","Mr. Ashish Kumar Pal","Assistant Professor","https://www.gla.ac.in/academics/faculty-detail/1488/mr-ashish-kumar-pal"
"https://www.gla.ac.in/Uploads/faculty/1498frt_Small.jpg","Mr. Ashutosh Singh","Associate Professor","https://www.gla.ac.in/academics/faculty-detail/1498/mr-ashutosh-singh"
"https://www.gla.ac.in/Uploads/faculty/1245frt_RamakantKumars.png","Mr. Ramakant Kumar","Assistant Professor","https://www.gla.ac.in/academics/faculty-detail/1245/mr-ramakant-kumar"
"https://www.gla.ac.in/Uploads/faculty/1489frt_RahulKaulAsstProfCEAGLA124199.JPG","Mr. Rahul Kaul","Assistant Professor","https://www.gla.ac.in/academics/faculty-detail/1489/mr-rahul-kaul"
"https://www.gla.ac.in/Uploads/faculty/1244frt_AnilChanchal-s.jpg","Mr. Anil Chanchal","Assistant Professor","https://www.gla.ac.in/academics/faculty-detail/1244/mr-anil-chanchal"
"https://www.gla.ac.in/Uploads/faculty/1243frt_ShubhamMishras.png","Mr. Shubham Mishra","Assistant Professor","https://www.gla.ac.in/academics/faculty-detail/1243/mr-shubham-mishra"
"https://www.gla.ac.in/Uploads/faculty/1422frt_ChhaviBajpaiAsst.ProfCEAGLA124163.jpg","Ms. Chhavi Bajpai","Assistant Professor","https://www.gla.ac.in/academics/faculty-detail/1422/ms-chhavi-bajpai"
"https://www.gla.ac.in/Uploads/faculty/1475frt_ArunKishorJpharAsst.ProfECEGLA124267.JPG","Dr. Arun Kishor Johar","Assistant Professor","https://www.gla.ac.in/academics/faculty-detail/1475/dr-arun-kishor-johar"
"https://www.gla.ac.in/Uploads/faculty/1502frt_Small.jpg","Mr. Ashu Singh","Assistant Professor","https://www.gla.ac.in/academics/faculty-detail/1502/mr-ashu-singh"
"https://www.gla.ac.in/Uploads/faculty/1380frt_RohitKumarGuptaAsst.ProfCEAGLA124155-Copy.JPG","Mr. Rohit Kumar Gupta","Assistant Professor","https://www.gla.ac.in/academics/faculty-detail/1380/mr-rohit-kumar-gupta"
"https://www.gla.ac.in/Uploads/faculty/1491frt_GanpatiRathiaAsstProfCEAGLA124202(1).JPG","Mr. Ganpati Rathia","Assistant Professor","https://www.gla.ac.in/academics/faculty-detail/1491/mr-ganpati-rathia"
"https://www.gla.ac.in/Uploads/faculty/1493frt_SuneetKumarAgnihotriAsst.ProfECEGLA124266.JPG","Dr. Suneet Kumar Agnihotri","Assistant Professor","https://www.gla.ac.in/academics/faculty-detail/1493/dr-suneet-kumar-agnihotri"
"https://www.gla.ac.in/Uploads/faculty/1494frt_AshishKumarAsstProf.CEAGLA124204.JPG","Mr. Ashish Kumar","Assistant Professor","https://www.gla.ac.in/academics/faculty-detail/1494/mr-ashish-kumar"
"https://www.gla.ac.in/Uploads/faculty/1492frt_RohiniRainaAsst.Prof.CEAGLA124201(1).JPG","Ms. Rohini Raina","Assistant Professor","https://www.gla.ac.in/academics/faculty-detail/1492/ms-rohini-raina"
"https://www.gla.ac.in/Uploads/faculty/1487frt_ArnabPandaAsst.ProfECEGLA124268.JPG","Dr. Arnab Panda","Assistant Professor","https://www.gla.ac.in/academics/faculty-detail/1487/dr-arnab-panda"
"https://www.gla.ac.in/Uploads/faculty/1495frt_Small.jpg","Dr. Shekhar Karanwal","Assistant Professor","https://www.gla.ac.in/academics/faculty-detail/1495/dr-shekhar-karanwal"
"https://www.gla.ac.in/Uploads/faculty/1425frt_DSC_0684copy(2)(1).jpg","Mr. Garvit Dohere","Technical Trainer","https://www.gla.ac.in/academics/faculty-detail/1425/mr-garvit-dohere"
"https://www.gla.ac.in/Uploads/faculty/1499frt_Small.jpg","Ms. Nirankita Debnath","Assistant Professor","https://www.gla.ac.in/academics/faculty-detail/1499/ms-nirankita-debnath"
"https://www.gla.ac.in/Uploads/faculty/1440frt_AmitDasAsst.ProfECEGLA124259-Copy.JPG","Dr. Amit Das","Assistant Professor","https://www.gla.ac.in/academics/faculty-detail/1440/dr-amit-das"
"https://www.gla.ac.in/Uploads/faculty/1476frt_RahulKumarGautamAsst.ProfCSGLA124194.JPG","Dr. Rahul Kumar Gautam","Assistant Professor","https://www.gla.ac.in/academics/faculty-detail/1476/dr-rahul-kumar-gautam"
"https://www.gla.ac.in/Uploads/faculty/1374frt_SachinKumarYadavAsst.ProfCEAGLA124153.JPG","Dr. Sachin Kumar Yadav","Assistant Professor","https://www.gla.ac.in/academics/faculty-detail/1374/dr-sachin-kumar-yadav"
"https://www.gla.ac.in/Uploads/faculty/1442frt_SatishKumarMauryaAsst.ProfCEAGLA124174-Copy.JPG","Mr. Satish Kumar Maurya","Assistant Professor","https://www.gla.ac.in/academics/faculty-detail/1442/mr-satish-kumar-maurya"
"https://www.gla.ac.in/Uploads/faculty/1366frt_ChanderPratapSinghAsst.ProfECEGLA124251-Copy.JPG","Dr. Chander Pratap Singh","Assistant Professor","https://www.gla.ac.in/academics/faculty-detail/1366/dr-chander-pratap-singh"
"https://www.gla.ac.in/Uploads/faculty/1429frt_PrasenjitDharAsst.ProfCEAGLA124161(1).JPG","Dr. Prasenjit Dhar","Assistant Professor","https://www.gla.ac.in/academics/faculty-detail/1429/dr-prasenjit-dhar"
"https://www.gla.ac.in/Uploads/faculty/1431frt_ArijitDasAsst.Prof.CSGLA124166(1).JPG","Mr. Arijit Das","Assistant Professor","https://www.gla.ac.in/academics/faculty-detail/1431/mr-arijit-das"
"https://www.gla.ac.in/Uploads/faculty/1437frt_SaurabhSinghAsst.ProfECEGLA124261.JPG","Dr. Saurabh Singh","Assistant Professor","https://www.gla.ac.in/academics/faculty-detail/1437/dr-saurabh-singh"
"https://www.gla.ac.in/Uploads/faculty/1299frt_purnima-sharma-sm.webp","Dr. Purnima Sharma","Assistant Professor","https://www.gla.ac.in/academics/faculty-detail/1299/dr-purnima-sharma"
"https://www.gla.ac.in/Uploads/faculty/244frt_divya-singh-sm.webp","Dr. Divya Singh","Assistant Professor","https://www.gla.ac.in/academics/faculty-detail/244/dr-divya-singh"
"https://www.gla.ac.in/Uploads/faculty/1142frt_DevarshiShuklaAsst.ProfECGLA122307.JPG","Dr. Devarshi Shukla","Assistant Professor","https://www.gla.ac.in/academics/faculty-detail/1142/dr-devarshi-shukla"
"https://www.gla.ac.in/Uploads/faculty/1296frt_SurajKumarLalwaniAsst.ProfECGLA123305.JPG","Dr. Suraj Kumar Lalwani","Assistant Professor","https://www.gla.ac.in/academics/faculty-detail/1296/dr-suraj-kumar-lalwani"
"https://www.gla.ac.in/Uploads/faculty/1061frt_GitanjaliVermaAsst.Prof.CSGLA122254-Copy.JPG","Ms. Gitanjali Verma","Assistant Professor - Research","https://www.gla.ac.in/academics/faculty-detail/1061/ms-gitanjali-verma"
"https://www.gla.ac.in/Uploads/faculty/1383frt_AjayKumarMahotoAsst.ProfECEGLA124257-Copy.JPG","Dr. Ajay Kumar Mahoto","Assistant Professor","https://www.gla.ac.in/academics/faculty-detail/1383/dr-ajay-kumar-mahoto"
"https://www.gla.ac.in/Uploads/faculty/1443frt_AmanDeepSinghAsst.ProfCEAGLA124175-Copy.JPG","Mr. Aman Deep Singh","Assistant Professor","https://www.gla.ac.in/academics/faculty-detail/1443/mr-aman-deep-singh"
"https://www.gla.ac.in/Uploads/faculty/1450frt_DivyanshuAwasthiAsst.ProfECEGLA124264-Copy.JPG","Dr. Divyanshu Awasthi","Assistant Professor","https://www.gla.ac.in/academics/faculty-detail/1450/dr-divyanshu-awasthi"
"https://www.gla.ac.in/Uploads/faculty/1213frt_RubyPanwarAsst.ProfCEAs.png","Dr. Ruby Panwar","Assistant Professor","https://www.gla.ac.in/academics/faculty-detail/1213/dr-ruby-panwar"
"https://www.gla.ac.in/Uploads/faculty/1211frt_AmitKumarAsst.ProfCEAS.png","Mr. Amit Kumar","Assistant Professor","https://www.gla.ac.in/academics/faculty-detail/1211/mr-amit-kumar"
"https://www.gla.ac.in/Uploads/faculty/1231frt_VarunSinghalAsst.b.png","Mr. Varun Singhal","Assistant Professor - Research","https://www.gla.ac.in/academics/faculty-detail/1231/mr-varun-singhal-"
"https://www.gla.ac.in/Uploads/faculty/1257frt_SujathaJayarajs.png","Ms. Sujatha Jayaraj","Assistant Professor","https://www.gla.ac.in/academics/faculty-detail/1257/ms-sujatha-jayaraj"
"https://www.gla.ac.in/Uploads/faculty/1259frt_kundan-anand-sm1.webp","Mr. Kundan Anand","Assistant Professor","https://www.gla.ac.in/academics/faculty-detail/1259/mr-kundan-anand"
"https://www.gla.ac.in/Uploads/faculty/1464frt_MasoodAhmadAsst.ProfCEAGLA124190.JPG","Dr. Masood Ahmad","Assistant Professor","https://www.gla.ac.in/academics/faculty-detail/1464/dr-masood-ahmad"
"https://www.gla.ac.in/Uploads/faculty/1486frt_ShashiKumarSinghAsst.ProfMEGLA124002.jpeg","Mr. Shashi Kumar Singh","Assistant Professor","https://www.gla.ac.in/academics/faculty-detail/1486/mr-shashi-kumar-singh"
"https://www.gla.ac.in/Uploads/faculty/1424frt_manish-gupta.webp","Dr. Manish Gupta","Associate Professor","https://www.gla.ac.in/academics/faculty-detail/1424/dr-manish-gupta"
"https://www.gla.ac.in/Uploads/faculty/1230frt_SantoshKumarSwarnkars.png","Mr. Santosh Kumar Swarnkar","Assistant Professor","https://www.gla.ac.in/academics/faculty-detail/1230/mr-santosh-kumar-swarnkar"
"https://www.gla.ac.in/Uploads/faculty/1370frt_SeemaMehlaAsst.ProfCEAGLA124152-Copy.JPG","Ms. Seema Mehla","Assistant Professor","https://www.gla.ac.in/academics/faculty-detail/1370/ms-seema-mehla"
"https://www.gla.ac.in/Uploads/faculty/1448frt_AnjanaBhardwajAsst.ProfECGLA124263(1).JPG","Dr. Anjana Bhardwaj","Assistant Professor","https://www.gla.ac.in/academics/faculty-detail/1448/dr-anjana-bhardwaj"
"https://www.gla.ac.in/Uploads/faculty/950frt_SarojKumarPandeyAsst.ProfCSGLA121229(2).jpg","Dr. Saroj Kumar Pandey","Assistant Professor","https://www.gla.ac.in/academics/faculty-detail/950/dr-saroj-kumar-pandey"
"https://www.gla.ac.in/Uploads/faculty/1252frt_CheshtaaBhardwajs.png","Ms. Cheshtaa Bhardwaj","Assistant Professor","https://www.gla.ac.in/academics/faculty-detail/1252/ms-cheshtaa-bhardwaj"
"https://www.gla.ac.in/Uploads/faculty/1258frt_PriyankaGuptas.png","Dr. Priyanka Gupta","Assistant Professor","https://www.gla.ac.in/academics/faculty-detail/1258/dr-priyanka-gupta"
"https://www.gla.ac.in/Uploads/faculty/1219frt_AjitDebnathAsst.ProfECEGLA123302.jpg","Dr. Ajit Debnath","Assistant Professor","https://www.gla.ac.in/academics/faculty-detail/1219/dr-ajit-debnath-"
"https://www.gla.ac.in/Uploads/faculty/1263frt_ShashiBhushans.png","Mr. Shashi Bhushan","Assistant Professor","https://www.gla.ac.in/academics/faculty-detail/1263/mr-shashi-bhushan-"
"https://www.gla.ac.in/Uploads/faculty/1266frt_AyushiAsst.s.png","Ms. Ayushi","Assistant Professor","https://www.gla.ac.in/academics/faculty-detail/1266/ms-ayushi"
"https://www.gla.ac.in/Uploads/faculty/1302frt_shashank-sekhar-raut-sm.webp","Dr. Shasanka Sekhar Rout","Assistant Professor","https://www.gla.ac.in/academics/faculty-detail/1302/dr-shasanka-sekhar-rout"
"https://www.gla.ac.in/Uploads/faculty/1275frt_RajeetKumarRaiAsst.ProfMEGLA123004.jpg","Mr. Rajeet Kumar Rai","Assistant Professor","https://www.gla.ac.in/academics/faculty-detail/1275/mr-rajeet-kumar-rai-"
"https://www.gla.ac.in/Uploads/faculty/1026frt_Small.jpg","Mr. Chandan Chakraborty","Assistant Professor","https://www.gla.ac.in/academics/faculty-detail/1026/mr-chandan-chakraborty"
"https://www.gla.ac.in/Uploads/faculty/19frt_Kamal-Sharma.jpg","Prof. (Dr.) Kamal Sharma","Professor & Dean (R&D)","https://www.gla.ac.in/academics/faculty-detail/19/prof-(dr)-kamal-sharma"
"https://www.gla.ac.in/Uploads/faculty/825frt_SURESHPRATAPSINGHGLA216026small.jpg","Mr. Suresh Pratap Singh","DIRECTOR- T&D","https://www.gla.ac.in/academics/faculty-detail/825/mr-suresh-pratap-singh"
"https://www.gla.ac.in/Uploads/faculty/1109frt_ashok-bhansali-fac.webp","Prof. Ashok Bhansali","Professor and Dean","https://www.gla.ac.in/academics/faculty-detail/1109/prof-ashok-bhansali"
"https://www.gla.ac.in/Uploads/faculty/34frt_Dr.Piyush-Singhal.jpg","Prof. (Dr.) Piyush Singhal","Professor & Head","https://www.gla.ac.in/academics/faculty-detail/34/prof-(dr)-piyush-singhal"
"https://www.gla.ac.in/Uploads/faculty/235frt_vinay-kumar-deolia-sm.webp","Dr. Vinay Kumar Deolia","Professor & Head","https://www.gla.ac.in/academics/faculty-detail/235/dr-vinay-kumar-deolia"
"https://www.gla.ac.in/Uploads/faculty/6frt_Ashish-Sharma.jpg","Prof. Ashish Sharma","Professor, Dean Academics and Chief Proctor","https://www.gla.ac.in/academics/faculty-detail/6/prof-ashish-sharma"
"https://www.gla.ac.in/Uploads/faculty/7frt_Dilip-Kumar-Sharma.jpg","Prof. Dilip Kumar Sharma","Professor & Dean (International Relations & Academic Collaborations)","https://www.gla.ac.in/academics/faculty-detail/7/prof-dilip-kumar-sharma"
"https://www.gla.ac.in/Uploads/faculty/12frt_Sanjay-Kumar-Maurya.jpg","Dr. Sanjay kumar Maurya","Associate Professor","https://www.gla.ac.in/academics/faculty-detail/12/dr-sanjay-kumar-maurya"
"https://www.gla.ac.in/Uploads/faculty/237frt_Abhay-Chaturvedi.jpg","Dr. Abhay Chaturvedi","Associate Professor","https://www.gla.ac.in/academics/faculty-detail/237/dr-abhay-chaturvedi"
"https://www.gla.ac.in/Uploads/faculty/238frt_Aasheesh-Shukla.jpg","Dr. Aasheesh Shukla","Associate Head, Professor & Associate Dean Academic","https://www.gla.ac.in/academics/faculty-detail/238/dr-aasheesh-shukla"
"https://www.gla.ac.in/Uploads/faculty/1110frt_atul-bansal-sm.webp","Dr. Atul Bansal","Professor & Controller of Examination","https://www.gla.ac.in/academics/faculty-detail/1110/dr-atul-bansal"
"https://www.gla.ac.in/Uploads/faculty/16frt_Vijay-Kumar-Dwivedi.jpg","Dr. Vijay Kumar Dwivedi","Professor","https://www.gla.ac.in/academics/faculty-detail/16/dr-vijay-kumar-dwivedi"
"https://www.gla.ac.in/Uploads/faculty/239frt_Anjan-Kumar.jpg","Dr. Anjan Kumar","Associate Professor","https://www.gla.ac.in/academics/faculty-detail/239/dr-anjan-kumar"
"https://www.gla.ac.in/Uploads/faculty/242frt_Untitled-1copy(1).jpg","Dr. Vinay Kumar Tomar","Professor","https://www.gla.ac.in/academics/faculty-detail/242/dr-vinay-kumar-tomar"
"https://www.gla.ac.in/Uploads/faculty/1387frt_nishant-singh-sm.jpg","Dr. Nishant Singh","Assistant Professor","https://www.gla.ac.in/academics/faculty-detail/1387/dr-nishant-singh"
"https://www.gla.ac.in/Uploads/faculty/18frt_Manoj-Kumar-Agrawal.jpg","Dr. Manoj Kumar Agrawal","Associate Professor","https://www.gla.ac.in/academics/faculty-detail/18/dr-manoj-kumar-agrawal"
"https://www.gla.ac.in/Uploads/faculty/56frt_Ram-Naresh-Mishra-01.jpg","Mr. Ram Naresh Mishra","Assistant Professor","https://www.gla.ac.in/academics/faculty-detail/56/mr-ram-naresh-mishra"
"https://www.gla.ac.in/Uploads/faculty/141frt_sujit-sm.jpg","Dr. Sujit Kumar Verma","Professor","https://www.gla.ac.in/academics/faculty-detail/141/dr-sujit-kumar-verma"
"https://www.gla.ac.in/Uploads/faculty/508frt_Hitendra-Garg-Associate-Prof-CS-GLA119311.JPG","Dr. Hitendra Garg","Professor & Associate Head","https://www.gla.ac.in/academics/faculty-detail/508/dr-hitendra-garg"
"https://www.gla.ac.in/Uploads/faculty/69frt_Ravindra-Pratap-Singh-01.jpg","Mr. Ravindra Pratap Singh","Assistant Professor","https://www.gla.ac.in/academics/faculty-detail/69/mr-ravindra-pratap-singh"
"https://www.gla.ac.in/Uploads/faculty/13frt_Subhash-Chand.jpg","Dr. Subhash Chandra","Associate Professor","https://www.gla.ac.in/academics/faculty-detail/13/dr-subhash-chandra"
"https://www.gla.ac.in/Uploads/faculty/32frt_Mr.Ravishankar-Tiwari.jpg","Dr. Ravi Shankar Tiwari","Assistant Professor","https://www.gla.ac.in/academics/faculty-detail/32/dr-ravi-shankar-tiwari"
"https://www.gla.ac.in/Uploads/faculty/71frt_Harish-Kumar-Sharma-01.jpg","Mr. Harish Kumar Sharma","Assistant Professor","https://www.gla.ac.in/academics/faculty-detail/71/mr-harish-kumar-sharma"
"https://www.gla.ac.in/Uploads/faculty/185frt_Mayank-Srivastava.jpg","Dr. Mayank Srivastava","Associate Professor","https://www.gla.ac.in/academics/faculty-detail/185/dr-mayank-srivastava"
"https://www.gla.ac.in/Uploads/faculty/240frt_manish-kumar.webp","Dr. Manish Kumar","Associate Professor","https://www.gla.ac.in/academics/faculty-detail/240/dr-manish-kumar"
"https://www.gla.ac.in/Uploads/faculty/103frt_Pankaj-Sonia-01.jpg","Mr. Pankaj Sonia","Assistant Professor","https://www.gla.ac.in/academics/faculty-detail/103/mr-pankaj-sonia"
"https://www.gla.ac.in/Uploads/faculty/187frt_Neeraj-Gupta.jpg","Dr. Neeraj Gupta","Associate Head & Associate Professor","https://www.gla.ac.in/academics/faculty-detail/187/dr-neeraj-gupta"
"https://www.gla.ac.in/Uploads/faculty/10frt_devendra-kumar-sm.webp","Dr. Devendra Kumar","Assistant Professor","https://www.gla.ac.in/academics/faculty-detail/10/dr-devendra-kumar"
"https://www.gla.ac.in/Uploads/faculty/106frt_Soni-Kumari-01.jpg","Dr. Soni Kumari","Assistant Professor","https://www.gla.ac.in/academics/faculty-detail/106/dr-soni-kumari"
"https://www.gla.ac.in/Uploads/faculty/57frt_Sachin-Goyal-01.jpg","Dr. Sachin Goyal","Assistant Professor","https://www.gla.ac.in/academics/faculty-detail/57/dr-sachin-goyal"
"https://www.gla.ac.in/Uploads/faculty/66frt_Shashank-Srivastava-01.jpg","Mr. Shashank Srivastava","Assistant Professor","https://www.gla.ac.in/academics/faculty-detail/66/mr-shashank-srivastava"
"https://www.gla.ac.in/Uploads/faculty/112frt_Viyat-Varun-Upadhyay-01.jpg","Mr. Viyat Varun Upadhyay","Assistant Professor","https://www.gla.ac.in/academics/faculty-detail/112/mr-viyat-varun-upadhyay"
"https://www.gla.ac.in/Uploads/faculty/705frt_Prof.KumarS.jpg","Prof. Kumar Sankar Ray","Distinguished Professor","https://www.gla.ac.in/academics/faculty-detail/705/prof-kumar-sankar-ray"
"https://www.gla.ac.in/Uploads/faculty/9frt_Mr.-Diwakar-Agrawal.jpg","Dr. Diwakar Agrawal","Associate Professor","https://www.gla.ac.in/academics/faculty-detail/9/dr-diwakar-agrawal"
"https://www.gla.ac.in/Uploads/faculty/20frt_Kuwar-Mausam.jpg","Mr. Kuwar Mausam","Assistant Professor","https://www.gla.ac.in/academics/faculty-detail/20/mr-kuwar-mausam"
"https://www.gla.ac.in/Uploads/faculty/63frt_Mr.-Mukesh-Pushkarna-01.jpg","Mr. Mukesh Pushkarna","Assistant Professor","https://www.gla.ac.in/academics/faculty-detail/63/mr-mukesh-pushkarna"
"https://www.gla.ac.in/Uploads/faculty/137frt_Vikas-Sharma-01.jpg","Mr. Vikas Sharma","Assistant Professor","https://www.gla.ac.in/academics/faculty-detail/137/mr-vikas-sharma"
"https://www.gla.ac.in/Uploads/faculty/620frt_SamirKumarBandyopadhyay-Copy.jpg","Prof. Samir Kumar Bandhopadhyay","Distinguished Professor","https://www.gla.ac.in/academics/faculty-detail/620/prof-samir-kumar-bandhopadhyay"
"https://www.gla.ac.in/Uploads/faculty/138frt_Gaurav-Bhardwaj-01.jpg","Dr. Gaurav Bharadwaj","Assistant Professor","https://www.gla.ac.in/academics/faculty-detail/138/dr-gaurav-bharadwaj"
"https://www.gla.ac.in/Uploads/faculty/248frt_Sachin-Sharma.jpg","Mr. Sachin Sharma","Assistant Professor","https://www.gla.ac.in/academics/faculty-detail/248/mr-sachin-sharma"
"https://www.gla.ac.in/Uploads/faculty/288frt_Sweta.jpg","Mrs. Sweta","Assistant Professor","https://www.gla.ac.in/academics/faculty-detail/288/mrs-sweta"
"https://www.gla.ac.in/Uploads/faculty/39frt_RaisulIslamAssSmall.jpg","Mr. Raisul Islam","Assistant Professor","https://www.gla.ac.in/academics/faculty-detail/39/mr-raisul-islam"
"https://www.gla.ac.in/Uploads/faculty/139frt_Avdhesh-Kumar-Sharma-01.jpg","Mr. Avdhesh Kumar Sharma","Assistant Professor","https://www.gla.ac.in/academics/faculty-detail/139/mr-avdhesh-kumar-sharma"
"https://www.gla.ac.in/Uploads/faculty/191frt_Rakesh.kr.Galav.jpg","Dr. Rakesh Kr. Galav","Associate Professor","https://www.gla.ac.in/academics/faculty-detail/191/dr-rakesh-kr-galav"
"https://www.gla.ac.in/Uploads/faculty/711frt_amitavapictc.jpg","Prof. Amitava Sen","Distinguished Professor","https://www.gla.ac.in/academics/faculty-detail/711/prof-amitava-sen"
"https://www.gla.ac.in/Uploads/faculty/142frt_Sunil-Kumar-01.jpg","Mr. Sunil Kumar","Assistant Professor","https://www.gla.ac.in/academics/faculty-detail/142/mr-sunil-kumar"
"https://www.gla.ac.in/Uploads/faculty/194frt_Anjani-Kumar-Rai.jpg","Mr. Anjani Kumar Rai","Assistant Professor","https://www.gla.ac.in/academics/faculty-detail/194/mr-anjani-kumar-rai"
"https://www.gla.ac.in/Uploads/faculty/180frt_Ashish-Sharma.jpg","Dr. Ashish Sharma","Associate Professor","https://www.gla.ac.in/academics/faculty-detail/180/dr-ashish-sharma"
"https://www.gla.ac.in/Uploads/faculty/196frt_Anupam-Yadav.jpg","Ms. Anupam Yadav","Assistant Professor","https://www.gla.ac.in/academics/faculty-detail/196/ms-anupam-yadav"
"https://www.gla.ac.in/Uploads/faculty/873frt_BhupendraSinghChauhanProfessorMEGLA120010(1).jpg","Dr. Bhupendra Singh Chauhan","Professor","https://www.gla.ac.in/academics/faculty-detail/873/dr-bhupendra-singh-chauhan-"
"https://www.gla.ac.in/Uploads/faculty/148frt_Bharat-Singh-01.jpg","Dr. Bharat Singh","Assistant Professor","https://www.gla.ac.in/academics/faculty-detail/148/dr-bharat-singh"
"https://www.gla.ac.in/Uploads/faculty/153frt_Sanjeev-Kumar-Gupta-01.jpg","Mr. Sanjeev Kumar Gupta","Assistant Professor","https://www.gla.ac.in/academics/faculty-detail/153/mr-sanjeev-kumar-gupta"
"https://www.gla.ac.in/Uploads/faculty/200frt_Narendra-Mohan.jpg","Mr. Narendra Mohan","Assistant Professor","https://www.gla.ac.in/academics/faculty-detail/200/mr-narendra-mohan"
"https://www.gla.ac.in/Uploads/faculty/155frt_Toshit-Jain-01.jpg","Mr. Toshit Jain","Assistant Professor","https://www.gla.ac.in/academics/faculty-detail/155/mr-toshit-jain"
"https://www.gla.ac.in/Uploads/faculty/202frt_Subhash-Chand-Agrawal.jpg","Dr. Subhash Chand Agrawal","Associate Professor","https://www.gla.ac.in/academics/faculty-detail/202/dr-subhash-chand-agrawal"
"https://www.gla.ac.in/Uploads/faculty/157frt_Rajkumar-Sharma-01.jpg","Mr. Rajkumar Sharma","Assistant Professor","https://www.gla.ac.in/academics/faculty-detail/157/mr-rajkumar-sharma"
"https://www.gla.ac.in/Uploads/faculty/159frt_Pradeep-Kumar-Singh-01.jpg","Dr. Pradeep Kumar Singh","Assistant Professor","https://www.gla.ac.in/academics/faculty-detail/159/dr-pradeep-kumar-singh"
"https://www.gla.ac.in/Uploads/faculty/883frt_smita.jpg","Dr. Smita Tung","Assistant Professor","https://www.gla.ac.in/academics/faculty-detail/883/dr-smita-tung"
"https://www.gla.ac.in/Uploads/faculty/1118frt_DeepakKumarTiwaris.JPG","Dr. Deepak Kumar Tiwari","Assistant Professor","https://www.gla.ac.in/academics/faculty-detail/1118/dr-deepak-kumar-tiwari"
"https://www.gla.ac.in/Uploads/faculty/246frt_Rahul-Pradhan.jpg","Dr. Rahul Pradhan","Associate Professor","https://www.gla.ac.in/academics/faculty-detail/246/dr-rahul-pradhan"
"https://www.gla.ac.in/Uploads/faculty/802frt_Sandeep-Kumar-Rathore-small.jpg","Dr. Sandeep Rathor","Associate Head & Associate Professor","https://www.gla.ac.in/academics/faculty-detail/802/dr-sandeep-rathor"
"https://www.gla.ac.in/Uploads/faculty/207frt_Rajesh-Kumar-Tripathi.jpg","Dr. Rajesh Kumar Tripathi","Associate Professor","https://www.gla.ac.in/academics/faculty-detail/207/dr-rajesh-kumar-tripathi"
"https://www.gla.ac.in/Uploads/faculty/167frt_Mr.-Deepak-Sharma-01.jpg","Mr. Deepak Sharma","Assistant Professor","https://www.gla.ac.in/academics/faculty-detail/167/mr-deepak-sharma"
"https://www.gla.ac.in/Uploads/faculty/169frt_Gaurav-Pant-sm.jpg","Mr. Gaurav Pant","Assistant Professor","https://www.gla.ac.in/academics/faculty-detail/169/mr-gaurav-pant"
"https://www.gla.ac.in/Uploads/faculty/253frt_Mayank-Agrawal.jpg","Dr. Mayank Agrawal","Assistant Professor","https://www.gla.ac.in/academics/faculty-detail/253/dr-mayank-agrawal"
"https://www.gla.ac.in/Uploads/faculty/1030frt_praveen-kumar-s.jpg","Dr. Praveen Kumar Gupta","Assistant Professor","https://www.gla.ac.in/academics/faculty-detail/1030/dr-praveen-kumar-gupta"
"https://www.gla.ac.in/Uploads/faculty/1119frt_Dr.ManvendraVermaAsst.ProfCivilGLA122206.JPG","Dr. Manvendra Verma","Assistant Professor","https://www.gla.ac.in/academics/faculty-detail/1119/dr-manvendra-verma"
"https://www.gla.ac.in/Uploads/faculty/217frt_Anshy-Singh.jpg","Dr. Anshy Singh","Associate Professor","https://www.gla.ac.in/academics/faculty-detail/217/dr-anshy-singh"
"https://www.gla.ac.in/Uploads/faculty/219frt_Praveen-Mittal.jpg","Dr. Praveen Mittal","Associate Professor","https://www.gla.ac.in/academics/faculty-detail/219/dr-praveen-mittal"
"https://www.gla.ac.in/Uploads/faculty/67frt_Pankaj-Kumar-Singh-01.jpg","Mr.Pankaj Kumar Singh","Assistant Professor","https://www.gla.ac.in/academics/faculty-detail/67/mrpankaj-kumar-singh"
"https://www.gla.ac.in/Uploads/faculty/367frt_Vikas-Kumar.jpg","Dr. Vikas Kumar Sharma","Associate Professor","https://www.gla.ac.in/academics/faculty-detail/367/dr-vikas-kumar-sharma"
"https://www.gla.ac.in/Uploads/faculty/230frt_Piyush-Vashistha.jpg","Mr. Piyush Vashistha","Assistant Professor","https://www.gla.ac.in/academics/faculty-detail/230/mr-piyush-vashistha"
"https://www.gla.ac.in/Uploads/faculty/298frt_Aditya-Saxena.jpg","Dr. Aditya Saxena","Assistant Professor","https://www.gla.ac.in/academics/faculty-detail/298/dr-aditya-saxena"
"https://www.gla.ac.in/Uploads/faculty/1388frt_dummy-sm.jpg","Dr. Vinod Jain","Assistant professor","https://www.gla.ac.in/academics/faculty-detail/1388/dr-vinod-jain"
"https://www.gla.ac.in/Uploads/faculty/82frt_Pooja-Pathak.jpg","Dr. Pooja Pathak","Associate Professor","https://www.gla.ac.in/academics/faculty-detail/82/dr-pooja-pathak"
"https://www.gla.ac.in/Uploads/faculty/245frt_Akash-yadav.jpg","Dr. Akash yadav","Assistant Professor","https://www.gla.ac.in/academics/faculty-detail/245/dr-akash-yadav"
"https://www.gla.ac.in/Uploads/faculty/270frt_Himanshu-Sharma.jpg","Dr. Himanshu Sharma","Associate Professor & Dean - Satudent Welfare","https://www.gla.ac.in/academics/faculty-detail/270/dr-himanshu-sharma"
"https://www.gla.ac.in/Uploads/faculty/44frt_DeepakVarshneyAsst.ProfsMALL.jpg","Mr. Deepak Varshney","Assistant Professor","https://www.gla.ac.in/academics/faculty-detail/44/mr-deepak-varshney"
"https://www.gla.ac.in/Uploads/faculty/249frt_Asheesh-Tiwari.jpg","Dr. Asheesh Tiwari","Associate Professor","https://www.gla.ac.in/academics/faculty-detail/249/dr-asheesh-tiwari"
"https://www.gla.ac.in/Uploads/faculty/618frt_MohdAmirSmall.jpg","Mr. Mohd. Amir Khan","Assistant Professor","https://www.gla.ac.in/academics/faculty-detail/618/mr-mohd-amir-khan"
"https://www.gla.ac.in/Uploads/faculty/268frt_Dhirendra-Prasad-Yadav.jpg","Mr. Dhirendra Prasad Yadav","Assistant Professor","https://www.gla.ac.in/academics/faculty-detail/268/mr-dhirendra-prasad-yadav"
"https://www.gla.ac.in/Uploads/faculty/258frt_Ajitesh-Kumar.jpg","Dr. Ajitesh Kumar","Associate Professor & deputy Chief Proctor","https://www.gla.ac.in/academics/faculty-detail/258/dr-ajitesh-kumar"
"https://www.gla.ac.in/Uploads/faculty/1007frt_Small.jpg","Prof. Akhilanad Pati Tiwari","Adjunct Faculty","https://www.gla.ac.in/academics/faculty-detail/1007/prof-akhilanad-pati-tiwari"
"https://www.gla.ac.in/Uploads/faculty/261frt_Mona-Kumari.jpg","Ms. Mona Kumari","Assistant Professor","https://www.gla.ac.in/academics/faculty-detail/261/ms-mona-kumari"
"https://www.gla.ac.in/Uploads/faculty/1022frt_MadhuSudanKumarAsst.ProfCEAGLA121242(2).jpg","Dr. Madhu Sudan Kumar","Assistant Professor","https://www.gla.ac.in/academics/faculty-detail/1022/dr-madhu-sudan-kumar"
"https://www.gla.ac.in/Uploads/faculty/42frt_AtulSoniAsst.ProfsMALL.jpg","Mr. Atul Soni","Assistant Professor","https://www.gla.ac.in/academics/faculty-detail/42/mr-atul-soni"
"https://www.gla.ac.in/Uploads/faculty/614frt_383frt_01.jpg","Mr. Shubham Garg","Assistant Professor","https://www.gla.ac.in/academics/faculty-detail/614/mr-shubham-garg"
"https://www.gla.ac.in/Uploads/faculty/640frt_MayankNigamSmall.jpg","Mr. Mayank Nigam","Assistant Professor","https://www.gla.ac.in/academics/faculty-detail/640/mr-mayank-nigam"
"https://www.gla.ac.in/Uploads/faculty/37frt_HemantSinghParihSmall.jpg","Mr. Hemant Singh Parihar","Assistant Professor","https://www.gla.ac.in/academics/faculty-detail/37/mr-hemant-singh-parihar"
"https://www.gla.ac.in/Uploads/faculty/21frt_AnujGoyalAsst.ProfsMALL.jpg","Mr. Anuj Goyal","Assistant Professor","https://www.gla.ac.in/academics/faculty-detail/21/mr-anuj-goyal"
"https://www.gla.ac.in/Uploads/faculty/601frt_RaviKumarAsst.Small.JPG","Mr. Ravi Kumar","Assistant Professor","https://www.gla.ac.in/academics/faculty-detail/601/mr-ravi-kumar"
"https://www.gla.ac.in/Uploads/faculty/975frt_AradhyaS.jpg","Dr. Aradhya Kumar Shukla","Assistant Professor","https://www.gla.ac.in/academics/faculty-detail/975/dr-aradhya-kumar-shukla"
"https://www.gla.ac.in/Uploads/faculty/1052frt_DSC_0584Small.jpg","Dr. Punit Singh","Research Scientist","https://www.gla.ac.in/academics/faculty-detail/1052/dr-punit-singh"
"https://www.gla.ac.in/Uploads/faculty/925frt_Dr.NeetuFaujdarAsst.ProfCEAGLA120901,(2).jpg","Dr. Neetu Faujdar","","https://www.gla.ac.in/academics/faculty-detail/925/dr-neetu-faujdar"
"https://www.gla.ac.in/Uploads/faculty/1092frt_Mohd-Zuhaib-Asst-Small.bmp","Dr. Mohd Zuhaib","Assistant Professor","https://www.gla.ac.in/academics/faculty-detail/1092/dr-mohd-zuhaib"
"https://www.gla.ac.in/Uploads/faculty/1084frt_Dr.AshishKumarSinhaAsst.ProfEEGLA122353.jpg","Dr. Ashish Kumar Sinha","Assistant Professor","https://www.gla.ac.in/academics/faculty-detail/1084/dr-ashish-kumar-sinha"
"https://www.gla.ac.in/Uploads/faculty/1077frt_DhirendraKumarAsst.Prof.ECGLA122302.jpg","Dr. Dhirendra Kumar","Assistant Professor","https://www.gla.ac.in/academics/faculty-detail/1077/dr-dhirendra-kumar"
"https://www.gla.ac.in/Uploads/faculty/1044frt_RahulRaysmall.jpg","Dr. Rahul Ray","Assistant Professor","https://www.gla.ac.in/academics/faculty-detail/1044/dr-rahul-ray"
"https://www.gla.ac.in/Uploads/faculty/1087frt_ShreeshKumarSrivastavaAsst.Prof.ECGLA122303-Copy.JPG","Dr. Shreesh Kumar Srivastava","Assistant Professor","https://www.gla.ac.in/academics/faculty-detail/1087/dr-shreesh-kumar-srivastava"
"https://www.gla.ac.in/Uploads/faculty/40frt_MohitVermaAsst.ProfSmall.jpg","Mr. Mohit Verma","Assistant Professor","https://www.gla.ac.in/academics/faculty-detail/40/mr-mohit-verma"
"https://www.gla.ac.in/Uploads/faculty/590frt_Navin-Kumar-Agrawal-01.jpg","Mr. Navin Kumar Agrawal","Assistant Professor","https://www.gla.ac.in/academics/faculty-detail/590/mr-navin-kumar-agrawal-"
"https://www.gla.ac.in/Uploads/faculty/1445frt_HimanshuSharmaAssociate.ProfECGLA124262-Copy.JPG","Dr. Himanshu Sharma","Associate Professor","https://www.gla.ac.in/academics/faculty-detail/1445/dr-himanshu-sharma"
"https://www.gla.ac.in/Uploads/faculty/1078frt_RaushanKumarSinghAsst.Prof.CSGLA122261.jpg","Mr. Raushan Kumar Singh","Assistant Professor","https://www.gla.ac.in/academics/faculty-detail/1078/mr-raushan-kumar-singh"
"https://www.gla.ac.in/Uploads/faculty/423frt_Aashish-Jaiswal-01.jpg","Mr. Aashish Jiaswal","Assistant Professor","https://www.gla.ac.in/academics/faculty-detail/423/mr-aashish-jiaswal"
"https://www.gla.ac.in/Uploads/faculty/488frt_VishweshMishra01LecturerGLA118762Small.jpg","Mr. Vishwesh Mishra","Lecturer","https://www.gla.ac.in/academics/faculty-detail/488/mr-vishwesh-mishra"
"https://www.gla.ac.in/Uploads/faculty/1126frt_Umakant-Ahirwar-sm.jpg","Mr. Umakant Ahirwar","Assistant Professor","https://www.gla.ac.in/academics/faculty-detail/1126/mr-umakant-ahirwar"
"https://www.gla.ac.in/Uploads/faculty/1222frt_AbhishekSharmaS.png","Dr. Abhishek Sharma","Assistant Professor","https://www.gla.ac.in/academics/faculty-detail/1222/dr-abhishek-sharma-"
"https://www.gla.ac.in/Uploads/faculty/1424frt_manish-gupta.webp","Dr. Manish Gupta","Associate Professor","https://www.gla.ac.in/academics/faculty-detail/1424/dr-manish-gupta"
"https://www.gla.ac.in/Uploads/faculty/1516frt_Small.jpg","Dr. Juginder Pal Singh","Associate Professor","https://www.gla.ac.in/academics/faculty-detail/1516/dr-juginder-pal-singh"
"https://www.gla.ac.in/Uploads/faculty/1517frt_Small.jpg","Dr. Nikhil Govil","Associate Professor","https://www.gla.ac.in/academics/faculty-detail/1517/dr-nikhil-govil"
"https://www.gla.ac.in/Uploads/faculty/415frt_Akash-Deep-Yadav-Lecturer-Diploma-01.jpg","Mr. Akash Deep Yadav","Senior Lecturer","https://www.gla.ac.in/academics/faculty-detail/415/mr-akash-deep-yadav"
"https://www.gla.ac.in/Uploads/faculty/1089frt_ParomitaGoswamiAsst.ProfCSGLA122262.-Copy.JPG","Dr. Paromita Goswami","Assistant Professor","https://www.gla.ac.in/academics/faculty-detail/1089/dr-paromita-goswami"
"https://www.gla.ac.in/Uploads/faculty/1513frt_Mr.-Vikash-Kumar_sm.jpg","Dr. Vikash Kumar","Assistant Professor","https://www.gla.ac.in/academics/faculty-detail/1513/dr-vikash-kumar"
"https://www.gla.ac.in/Uploads/faculty/1515frt_anuja-bhargava-sm.webp","Dr. Anuja Bhargava","Assistant Professor","https://www.gla.ac.in/academics/faculty-detail/1515/dr-anuja-bhargava"
"https://www.gla.ac.in/Uploads/faculty/419frt_Yogendra-Kumar-01.jpg","Mr. Yogendra Kumar","Senior Lecturer","https://www.gla.ac.in/academics/faculty-detail/419/mr-yogendra-kumar"
"https://www.gla.ac.in/Uploads/faculty/59frt_Indresh-yadav-01.jpg","Dr. Indresh Yadav","Assistant Professor","https://www.gla.ac.in/academics/faculty-detail/59/dr-indresh-yadav"
"https://www.gla.ac.in/Uploads/faculty/397frt_Pawan-Kumar-Agrawal-01.jpg","Mr. Pawan Kumar Agrawal","Lecturer","https://www.gla.ac.in/academics/faculty-detail/397/mr-pawan-kumar-agrawal"
"https://www.gla.ac.in/Uploads/faculty/60frt_Mayank-Goyal-01.jpg","Mr. Mayank Goyal","Assistant Professor","https://www.gla.ac.in/academics/faculty-detail/60/mr-mayank-goyal"
"https://www.gla.ac.in/Uploads/faculty/393frt_Hariom-01.jpg","Mr. Hariom","Senior Lecturer","https://www.gla.ac.in/academics/faculty-detail/393/mr-hariom"
"https://www.gla.ac.in/Uploads/faculty/391frt_Nitin-Sahni-01.jpg","Mr. Nitin Sahni","Senior Lecturer","https://www.gla.ac.in/academics/faculty-detail/391/mr-nitin-sahni"
"https://www.gla.ac.in/Uploads/faculty/236frt_Vishal-Goyal.jpg","Prof. Vishal Goyal","Professor & Director IQAC","https://www.gla.ac.in/academics/faculty-detail/236/prof-vishal-goyal"
"https://www.gla.ac.in/Uploads/faculty/1514frt_dummy-img.jpg","Dr. Shatakshi Singh","Assistant Professor","https://www.gla.ac.in/academics/faculty-detail/1514/dr-shatakshi-singh"
"https://www.gla.ac.in/Uploads/faculty/1143frt_Balaji-B-sm.jpg","Dr. Balaji B","Assistant Professor","https://www.gla.ac.in/academics/faculty-detail/1143/dr-balaji-b"
"https://www.gla.ac.in/Uploads/faculty/59frt_Indresh-yadav-01.jpg","Dr. Indresh Yadav","Assistant Professor","https://www.gla.ac.in/academics/faculty-detail/59/dr-indresh-yadav"
"https://www.gla.ac.in/Uploads/faculty/1139frt_Jai-Prakash-Sharma-sm.jpg","Dr. Jai Prakash Sharma","Assistant Professor","https://www.gla.ac.in/academics/faculty-detail/1139/dr-jai-prakash-sharma"
"https://www.gla.ac.in/Uploads/faculty/591frt_Small.jpg","Dr. Swati Srivastava","Assistant Professor","https://www.gla.ac.in/academics/faculty-detail/591/dr-swati-srivastava-"
"https://www.gla.ac.in/Uploads/faculty/1446frt_SunilKumarAssociate.ProfCEANoidaGLA124181.JPG","Dr. Sunil Kumar","Associate Professor","https://www.gla.ac.in/academics/faculty-detail/1446/dr-sunil-kumar"
"https://www.gla.ac.in/Uploads/faculty/752frt_SwetaSingh-Copy.jpg","Ms. Sweta Singh","Assistant Professor","https://www.gla.ac.in/academics/faculty-detail/752/ms-sweta-singh"
"https://www.gla.ac.in/Uploads/faculty/889frt_VivekKumarSrivastavaEEGLA121352copy.jpg","Dr. Vivek Kumar Srivastava","Assistant Professor","https://www.gla.ac.in/academics/faculty-detail/889/dr-vivek-kumar-srivastava"
"https://www.gla.ac.in/Uploads/faculty/1220frt_Aryabig.png","Dr. Premnarayan Arya","Assistant Professor","https://www.gla.ac.in/academics/faculty-detail/1220/dr-premnarayan-arya"
"https://www.gla.ac.in/Uploads/faculty/289frt_Shelesh-Krishna-Saraswat.jpg","Mr. Shelesh Krishna Saraswat","Assistant Professor","https://www.gla.ac.in/academics/faculty-detail/289/mr-shelesh-krishna-saraswat"
"https://www.gla.ac.in/Uploads/faculty/290frt_Dheeraj-Kalra.jpg","Dr. Dheeraj Kalra","Assistant Professor","https://www.gla.ac.in/academics/faculty-detail/290/dr-dheeraj-kalra"
"https://www.gla.ac.in/Uploads/faculty/291frt_Deepak-Mittal.jpg","Mr. Deepak Mittal","Assistant Professor","https://www.gla.ac.in/academics/faculty-detail/291/mr-deepak-mittal"
"https://www.gla.ac.in/Uploads/faculty/292frt_neetu-agrawal-sm.webp","Mrs. Neetu Agrawal","Assistant Professor","https://www.gla.ac.in/academics/faculty-detail/292/mrs-neetu-agrawal"
"https://www.gla.ac.in/Uploads/faculty/293frt_Mrs.-Alka-Agrawal-01.jpg","Mrs. Alka Agrawal","Assistant Professor","https://www.gla.ac.in/academics/faculty-detail/293/mrs-alka-agrawal"
"https://www.gla.ac.in/Uploads/faculty/995frt_Rohit-Agarwal-sm.jpg","Mr. Rohit Agarwal","Assistant Professor","https://www.gla.ac.in/academics/faculty-detail/995/mr-rohit-agarwal"
"https://www.gla.ac.in/Uploads/faculty/1076frt_SulabhSachanSmall.jpg","Dr. Sulabh Sachan","Assistant Professor","https://www.gla.ac.in/academics/faculty-detail/1076/dr-sulabh-sachan"
"https://www.gla.ac.in/Uploads/faculty/1511frt_UpendraKumarAcharyaAsst.ProfECEGLA124258.JPG","Dr. Upendra Kumar Acharya","Assistant Professor","https://www.gla.ac.in/academics/faculty-detail/1511/dr-upendra-kumar-acharya"
"https://www.gla.ac.in/Uploads/faculty/286frt_P.Bachan.jpg","Dr. P. Bachan","Assistant Professor","https://www.gla.ac.in/academics/faculty-detail/286/dr-p-bachan"
"https://www.gla.ac.in/Uploads/faculty/426frt_Girijapati-Sharma-01.jpg","Mr. Girijapati Sharma","Assistant Professor","https://www.gla.ac.in/academics/faculty-detail/426/mr-girijapati-sharma"
"https://www.gla.ac.in/Uploads/faculty/1133frt_SachendraSinghChauhanAsst.Prof.CEAGLA122286-Copy.JPG","Mr. Sachendra Singh Chauhan","Assistant Professor","https://www.gla.ac.in/academics/faculty-detail/1133/mr-sachendra-singh-chauhan"
"https://www.gla.ac.in/Uploads/faculty/495frt_AnkitaChauhanLecturers.png","Ms. Ankita Chauhan","Assistant Professor","https://www.gla.ac.in/academics/faculty-detail/495/ms-ankita-chauhan-"
"https://www.gla.ac.in/Uploads/faculty/680frt_639frt_577frt_383frt_01.jpg","Mr. Shikhar Goel","Assistant Professor","https://www.gla.ac.in/academics/faculty-detail/680/mr-shikhar-goel"
"https://www.gla.ac.in/Uploads/faculty/689frt_PriyaChaudharyAsst.ProfCSGLA120259.JPG","Ms. Priya Chaudhary","Assistant Professor","https://www.gla.ac.in/academics/faculty-detail/689/ms-priya-chaudhary"
"https://www.gla.ac.in/Uploads/faculty/1361frt_RahulSaraswatAsst.ProfECEGLA123312-Copy.JPG","Dr. Rahul Saraswat","Assistant Professor","https://www.gla.ac.in/academics/faculty-detail/1361/dr-rahul-saraswat"
"https://www.gla.ac.in/Uploads/faculty/401frt_Bhupendra-Kumar-Saraswat01.jpg","Mr. Bhupendra Kumar Saraswat","Assistant Professor","https://www.gla.ac.in/academics/faculty-detail/401/mr-bhupendra-kumar-saraswat"
"https://www.gla.ac.in/Uploads/faculty/486frt_PrashantSinghLecturerGLA118754Small.jpg","Mr. Prashant Singh","Assistant Professor","https://www.gla.ac.in/academics/faculty-detail/486/mr-prashant-singh"
"https://www.gla.ac.in/Uploads/faculty/691frt_DeeptiAgrawal.jpg","Ms. Deepti Agrawal","Assistant Professor","https://www.gla.ac.in/academics/faculty-detail/691/ms-deepti-agrawal"
"https://www.gla.ac.in/Uploads/faculty/396frt_Mridul-Dixit01.jpg","Mr. Mridul Dixit","Assistant Professor","https://www.gla.ac.in/academics/faculty-detail/396/mr-mridul-dixit"
"https://www.gla.ac.in/Uploads/faculty/692frt_PriyaShrivastavaGLA120262-Copy.jpg","Ms. Priya Shrivastava","Assistant Professor","https://www.gla.ac.in/academics/faculty-detail/692/ms-priya-shrivastava"
"https://www.gla.ac.in/Uploads/faculty/729frt_AmitKumar275.png","Mr. Amit Kumar","Assistant Professor - Research","https://www.gla.ac.in/academics/faculty-detail/729/mr-amit-kumar"
"https://www.gla.ac.in/Uploads/faculty/693frt_ApurvaGarg-Copy.jpg","Ms. Apurva Garg","Assistant Professor","https://www.gla.ac.in/academics/faculty-detail/693/ms-apurva-garg"
"https://www.gla.ac.in/Uploads/faculty/882frt_JitendraGudainiyansmall.jpg","Mr. Jitendra Gudainiyan","Assistant Professor","https://www.gla.ac.in/academics/faculty-detail/882/mr-jitendra-gudainiyan"
"https://www.gla.ac.in/Uploads/faculty/694frt_RonakAgrawal.jpg","Mr. Ronak Agrawal","Assistant Professor","https://www.gla.ac.in/academics/faculty-detail/694/mr-ronak-agrawal"
"https://www.gla.ac.in/Uploads/faculty/695frt_saumyatripathi-Copy.jpg","Ms. Saumya Tripathi","Assistant Professor","https://www.gla.ac.in/academics/faculty-detail/695/ms-saumya-tripathi"
"https://www.gla.ac.in/Uploads/faculty/732frt_Rishabh.jpg","Mr. Rishabh Chaturvedi","Assistant Professor","https://www.gla.ac.in/academics/faculty-detail/732/mr-rishabh-chaturvedi"
"https://www.gla.ac.in/Uploads/faculty/421frt_Vineesh-Kumar-Singh-Software-Engg-01.jpg","Mr. Vineesh Kumar Singh","Assistant Professor","https://www.gla.ac.in/academics/faculty-detail/421/mr-vineesh-kumar-singh"
"https://www.gla.ac.in/Uploads/faculty/697frt_ArtiBadhoutiyaAsst.ProfCSGLA120267,.JPG","Ms. Arti Badhoutiya","Assistant Professor","https://www.gla.ac.in/academics/faculty-detail/697/ms-arti-badhoutiya"
"https://www.gla.ac.in/Uploads/faculty/733frt_RajatYadavAsst.ProfMEsmall.jpg","Mr. Rajat Yadav","Assistant Professor","https://www.gla.ac.in/academics/faculty-detail/733/mr-rajat-yadav"
"https://www.gla.ac.in/Uploads/faculty/1518frt_Small.jpg","Dr. Lekhraj","Assistant Professor","https://www.gla.ac.in/academics/faculty-detail/1518/dr-lekhraj"
"https://www.gla.ac.in/Uploads/faculty/734frt_AmanSharmaAsst.ProfMEGLA120008.JPG","Mr. Aman Sharma","Assistant Professor","https://www.gla.ac.in/academics/faculty-detail/734/mr-aman-sharma"
"https://www.gla.ac.in/Uploads/faculty/424frt_Abhinav-Khatri-01.jpg","Mr. Abhinav Khatri","Assistant Professor","https://www.gla.ac.in/academics/faculty-detail/424/mr-abhinav-khatri"