"img-fluid src","achievers-cont","achievers-cont 2","achievers-cont href"
"https://www.gla.ac.in/Uploads/faculty/1316frt_VineetKumarChaurasiyaAsst.ProfMathGLA123495.JPG","Mr. Vineet Kumar Chaurasiya","Assistant Professor","https://www.gla.ac.in/academics/faculty-detail/1316/mr-vineet-kumar-chaurasiya"
"https://www.gla.ac.in/Uploads/faculty/1032frt_YogendraKumarLab.AssistantChemistry.jpg","Mr. Yogendra Kumar","Associate Professor","https://www.gla.ac.in/academics/faculty-detail/1032/mr-yogendra-kumar"
"https://www.gla.ac.in/Uploads/faculty/858frt_PradeepJoliyaAsst.ProfAgricultureSmall.jpg","Dr. Pradeep Joliya","Assistant Professor","https://www.gla.ac.in/academics/faculty-detail/858/dr-pradeep-joliya"
"https://www.gla.ac.in/Uploads/faculty/1248frt_ShaliniJhas.png","Ms. Shalini Jha","Assistant Professor","https://www.gla.ac.in/academics/faculty-detail/1248/ms-shalini-jha"
"https://www.gla.ac.in/Uploads/faculty/946frt_VikashKumars.jpg","Dr. Vikash Kumar","Assistant Professor","https://www.gla.ac.in/academics/faculty-detail/946/dr-vikash-kumar"
"https://www.gla.ac.in/Uploads/faculty/947frt_AlokRaiS.jpg","Dr. Alok Rai","Assistant Professor","https://www.gla.ac.in/academics/faculty-detail/947/dr-alok-rai"
"https://www.gla.ac.in/Uploads/faculty/1305frt_KousikAttaAsst.Prof.AgricultureGLA123498-Copy.JPG","Dr. Kousik Atta","Assistant Professor & Area Chair","https://www.gla.ac.in/academics/faculty-detail/1305/dr-kousik-atta"
"https://www.gla.ac.in/Uploads/faculty/1150frt_Ms.-Silpa-Krishnan-V-S-sm.jpg","Ms. Silpa Krishnan V S","Assistant Professor","https://www.gla.ac.in/academics/faculty-detail/1150/ms-silpa-krishnan-v-s"
"https://www.gla.ac.in/Uploads/faculty/1153frt_Ms.-Ayushi-Dixit-sm.jpg","Ms. Ayushi Dixit","Assistant Professor","https://www.gla.ac.in/academics/faculty-detail/1153/ms-ayushi-dixit"
"https://www.gla.ac.in/Uploads/faculty/1510frt_IstutiSaraswat.JPG","Ms. Istuti Saraswat","Scientific Officer","https://www.gla.ac.in/academics/faculty-detail/1510/ms-istuti-saraswat"
"https://www.gla.ac.in/Uploads/faculty/1313frt_DeveshRaoBouddhaEnglishAsstProfGLA123491-Copy.JPG","Mr. Devesh Rao Bouddha","Assistant Professor","https://www.gla.ac.in/academics/faculty-detail/1313/mr-devesh-rao-bouddha"
"https://www.gla.ac.in/Uploads/faculty/1155frt_Mr.-Subodh-Kant-Soti-sm.jpg","Mr. Subodh Kant Soti","Assistant Professor","https://www.gla.ac.in/academics/faculty-detail/1155/mr-subodh-kant-soti"
"https://www.gla.ac.in/Uploads/faculty/891frt_YogendraKumarLab.AssistantChemistry.JPG","Dr. Yogendra Kumar Sharma","Post Doctrol Fellow","https://www.gla.ac.in/academics/faculty-detail/891/dr-yogendra-kumar-sharma"
"https://www.gla.ac.in/Uploads/faculty/1458frt_shshantsmall.png","Dr. Sushant Kumar","","https://www.gla.ac.in/academics/faculty-detail/1458/dr-sushant-kumar"
"https://www.gla.ac.in/Uploads/faculty/1358frt_SutharBhoomibhenRajendrakumarAsst.ProfAgricultureGLA123508.JPG","Dr. Suthar Bhoomibhen Rajendrakumar","Assistant Professor","https://www.gla.ac.in/academics/faculty-detail/1358/dr-suthar-bhoomibhen-rajendrakumar"
"https://www.gla.ac.in/Uploads/faculty/977frt_Dr.AvinashS.jpg","Dr. Avinash Kumar Pandey","Assistant Professor","https://www.gla.ac.in/academics/faculty-detail/977/dr-avinash-kumar-pandey"
"https://www.gla.ac.in/Uploads/faculty/892frt_SarveshSinghAsst.Prof.Agri.GLA121403.JPG","Dr. Sarvesh Singh","Assistant Professor","https://www.gla.ac.in/academics/faculty-detail/892/dr-sarvesh-singh"
"https://www.gla.ac.in/Uploads/faculty/1094frt_SwetaShukla01s.jpg","Dr. Sweta Shukla","Assistant Professor","https://www.gla.ac.in/academics/faculty-detail/1094/dr-sweta-shukla"
"https://www.gla.ac.in/Uploads/faculty/1096frt_Dr.MohitKumars.jpg","Dr. Mohit Kumar","Assistant Professor","https://www.gla.ac.in/academics/faculty-detail/1096/dr-mohit-kumar"
"https://www.gla.ac.in/Uploads/faculty/1303frt_AbdulKayoomVAsst.ProfEnglishGLA123477-Copy.jpeg","Dr. Abdul Kayoom V","Assistant Professor","https://www.gla.ac.in/academics/faculty-detail/1303/dr-abdul-kayoom-v"
"https://www.gla.ac.in/Uploads/faculty/1412frt_DeeependraYadavAsst.ProfAgricultural.jpg","Dr. Deeependra Yadav","Assistant Professor","https://www.gla.ac.in/academics/faculty-detail/1412/dr-deeependra-yadav"
"https://www.gla.ac.in/Uploads/faculty/1454frt_shipa1.jpg","Shipa Rani Dey","","https://www.gla.ac.in/academics/faculty-detail/1454/shipa-rani-dey"
"https://www.gla.ac.in/Uploads/faculty/1116frt_ArjunChauhans.jpg","Dr. Arjun Chauhan","Assistant Professor","https://www.gla.ac.in/academics/faculty-detail/1116/dr-arjun-chauhan"
"https://www.gla.ac.in/Uploads/faculty/1218frt_RanjayShawb.png","Dr. Ranjay Shaw","Assistant Professor","https://www.gla.ac.in/academics/faculty-detail/1218/dr-ranjay-shaw-"
"https://www.gla.ac.in/Uploads/faculty/1206frt_JyotiGuptaAsstProfBiotech-s.png","Dr. Jyoti Gupta","Assistant Professor","https://www.gla.ac.in/academics/faculty-detail/1206/dr-jyoti-gupta-"
"https://www.gla.ac.in/Uploads/faculty/1501frt_Small.jpg","Dr. Atul Aman","Assistant Professor","https://www.gla.ac.in/academics/faculty-detail/1501/dr-atul-aman"
"https://www.gla.ac.in/Uploads/faculty/1507frt_PhotoRayeesAhmadBhat.jpg","Dr. Rayees Ahmad Bhat","Assistant Professor","https://www.gla.ac.in/academics/faculty-detail/1507/dr-rayees-ahmad-bhat"
"https://www.gla.ac.in/Uploads/faculty/975frt_AradhyaS.jpg","Dr. Aradhya Kumar Shukla","Assistant Professor","https://www.gla.ac.in/academics/faculty-detail/975/dr-aradhya-kumar-shukla"
"https://www.gla.ac.in/Uploads/faculty/1342frt_AbhinavAsst.ProfEnglishGLA123286.JPG","Mr. Abhinav","Assistant Professor","https://www.gla.ac.in/academics/faculty-detail/1342/mr-abhinav"
"https://www.gla.ac.in/Uploads/faculty/1337frt_DilipKumarChaurasiyaAsst.ProfAgriculturalGLA123504.JPG","Dr. Dilip Kumar Chaurasiya","Assistant Professor","https://www.gla.ac.in/academics/faculty-detail/1337/dr-dilip-kumar-chaurasiya"
"https://www.gla.ac.in/Uploads/faculty/1379frt_AnandKumarAsst.ProfAgriculturalGLA124403.JPG","Dr. Anand Kumar","Assistant Professor","https://www.gla.ac.in/academics/faculty-detail/1379/dr-anand-kumar"
"https://www.gla.ac.in/Uploads/faculty/1338frt_AmitabhSinghAssociate.ProfessorAgriculturalGLA123503.JPG","Mr. Amitabh Singh","Associate Professor","https://www.gla.ac.in/academics/faculty-detail/1338/mr-amitabh-singh"
"https://www.gla.ac.in/Uploads/faculty/1340frt_VipulBhardwajAsst.ProfPhysicsGLA123457-Copy.JPG","Mr. Vipul Bhardwaj","Assistant Professor","https://www.gla.ac.in/academics/faculty-detail/1340/mr-vipul-bhardwaj"
"https://www.gla.ac.in/Uploads/faculty/1490frt_SwagataNandyAsstProfMathematicsGLA124438.JPG","Dr. Swagata Nandy","Assistant Professor","https://www.gla.ac.in/academics/faculty-detail/1490/dr-swagata-nandy"
"https://www.gla.ac.in/Uploads/faculty/1390frt_AbhinavTiwariAsst.ProfEnglishGLA124407.JPG","Dr. Abhinav Tiwari","Assistant Professor","https://www.gla.ac.in/academics/faculty-detail/1390/dr-abhinav-tiwari"
"https://www.gla.ac.in/Uploads/faculty/1435frt_TanyaGuptaAsst.ProfMathematicsGLA124413.JPG","Ms. Tanya Gupta","Assistant Professor","https://www.gla.ac.in/academics/faculty-detail/1435/ms-tanya-gupta"
"https://www.gla.ac.in/Uploads/faculty/1414frt_NishaAnandAsst.ProfEnglishGLA123467.jpeg","Ms. Nisha Anand","Assistant Professor","https://www.gla.ac.in/academics/faculty-detail/1414/ms-nisha-anand"
"https://www.gla.ac.in/Uploads/faculty/1372frt_Smallvip.png","Dr. Biplov Chandra Sarkar","Assistant Professor","https://www.gla.ac.in/academics/faculty-detail/1372/dr-biplov-chandra-sarkar"
"https://www.gla.ac.in/Uploads/faculty/1392frt_MasumRajAsst.ProfMathematicsGLA124402.JPG","Dr. Masum Raj","Assistant Professor","https://www.gla.ac.in/academics/faculty-detail/1392/dr-masum-raj"
"https://www.gla.ac.in/Uploads/faculty/1328frt_HempalSinghAsst.ProfPhysicsGLA123483.JPG","Mr. Hempal Singh","Assistant Professor","https://www.gla.ac.in/academics/faculty-detail/1328/mr-hempal-singh"
"https://www.gla.ac.in/Uploads/faculty/1384frt_AnkitaDubeyAsst.ProfMathematicsGLA124405-Copy.JPG","Ms. Ankita Dubey","Assistant Professor","https://www.gla.ac.in/academics/faculty-detail/1384/ms-ankita-dubey"
"https://www.gla.ac.in/Uploads/faculty/1460frt_BhaminiAsst.ProfChemistryGLA124427(1).JPG","Ms. Bhamini","Assistant Professor","https://www.gla.ac.in/academics/faculty-detail/1460/ms-bhamini"
"https://www.gla.ac.in/Uploads/faculty/1378frt_MirzaAdamAsst.ProfEnglishGLA123469.jpeg","Dr. Mirza Adam","Assistant Professor","https://www.gla.ac.in/academics/faculty-detail/1378/dr-mirza-adam"
"https://www.gla.ac.in/Uploads/faculty/1463frt_HarshalKumarAsst.ProfResearchBiotechGLA124425.JPG","Mr. Harshal Kumar","Assistant Professor","https://www.gla.ac.in/academics/faculty-detail/1463/mr-harshal-kumar"
"https://www.gla.ac.in/Uploads/faculty/1477frt_MaheshKMAsst.ProfEnglishGLA124431.JPG","Mr. Mahesh K M","Assistant Professor","https://www.gla.ac.in/academics/faculty-detail/1477/mr-mahesh-k-m"
"https://www.gla.ac.in/Uploads/faculty/1381frt_SagarAsst.ProfAgriculturalGLA124406-Copy.JPG","Dr. Sagar","Assistant Professor","https://www.gla.ac.in/academics/faculty-detail/1381/dr-sagar"
"https://www.gla.ac.in/Uploads/faculty/1417frt_AkanchhaSinghAsst.Prof.AgricultureGLA124409-Copy.JPG","Dr. Akanchha Singh","Assistant Professor","https://www.gla.ac.in/academics/faculty-detail/1417/dr-akanchha-singh"
"https://www.gla.ac.in/Uploads/faculty/1473frt_RamKuleshThakurAsst.ProfEnglishGLA124430.JPG","Mr. Ram Kulesh Thakur","Assistant Professor","https://www.gla.ac.in/academics/faculty-detail/1473/mr-ram-kulesh-thakur"
"https://www.gla.ac.in/Uploads/faculty/1474frt_BharaPaulAsst.ProfEnglishGLA124432.JPG","Ms. Bhara Paul","Assistant Professor","https://www.gla.ac.in/academics/faculty-detail/1474/ms-bhara-paul"
"https://www.gla.ac.in/Uploads/faculty/1482frt_TanujKumarRawatAsst.ProfMathematicsNoidaGLA124436.JPG","Mr. Tanuj Kumar Rawat","Assistant Professor","https://www.gla.ac.in/academics/faculty-detail/1482/mr-tanuj-kumar-rawat"
"https://www.gla.ac.in/Uploads/faculty/1468frt_UmashankarSamalAsst.ProfMathematicsGLA124422.jpg","Mr. Umashankar Samal","Assistant Professor","https://www.gla.ac.in/academics/faculty-detail/1468/mr-umashankar-samal"
"https://www.gla.ac.in/Uploads/faculty/1456frt_Small.jpg","Mr. Vinod Kumar","Assistant Professor","https://www.gla.ac.in/academics/faculty-detail/1456/mr-vinod-kumar"
"https://www.gla.ac.in/Uploads/faculty/1469frt_VaishaliVarshneyAsst.ProfMathematicsGLA124429(1).JPG","Ms. Vaishali Varshney","Assistant Professor","https://www.gla.ac.in/academics/faculty-detail/1469/ms-vaishali-varshney"
"https://www.gla.ac.in/Uploads/faculty/1241frt_Kailash-Sati-sm.jpg","Dr. Kailash Sati","Assistant Professor","https://www.gla.ac.in/academics/faculty-detail/1241/dr-kailash-sati"
"https://www.gla.ac.in/Uploads/faculty/1239frt_Shyam-Kishor-Patel-sm.jpg","Dr. Shyam Kishor Patel","Assistant Professor","https://www.gla.ac.in/academics/faculty-detail/1239/dr-shyam-kishor-patel"
"https://www.gla.ac.in/Uploads/faculty/1478frt_RuchiSinghRajawatAsst.ProfMathematicsGLA124434.JPG","Dr. Ruchi Singh Rajawat","Assistant Professor","https://www.gla.ac.in/academics/faculty-detail/1478/dr-ruchi-singh-rajawat"
"https://www.gla.ac.in/Uploads/faculty/1386frt_ShivamDuebyAsst.Prof.ChemistryGLA124159.JPG","Mr. Shivam Dueby","Assistant Professor","https://www.gla.ac.in/academics/faculty-detail/1386/mr-shivam-dueby"
"https://www.gla.ac.in/Uploads/faculty/983frt_Dr.MayaS.jpg","Dr. Maya Datt Joshi","Assistant Professor","https://www.gla.ac.in/academics/faculty-detail/983/dr-maya-datt-joshi"
"https://www.gla.ac.in/Uploads/faculty/1283frt_SukhendraSinghPhotos.png","Dr. Sukhendra Singh","Assistant Professor","https://www.gla.ac.in/academics/faculty-detail/1283/dr-sukhendra-singh"
"https://www.gla.ac.in/Uploads/faculty/1447frt_NishantKumarAsst.ProfMathematicsGLA124418.JPG","Mr. Nishant Kumar","Assistant Professor","https://www.gla.ac.in/academics/faculty-detail/1447/mr-nishant-kumar"
"https://www.gla.ac.in/Uploads/faculty/1466frt_SuhasShivajiTikoleAsst.ProfBiotechnologyGLA124421.JPG","Mr. Suhas Shivaji Tikole","Assistant Professor","https://www.gla.ac.in/academics/faculty-detail/1466/mr-suhas-shivaji-tikole"
"https://www.gla.ac.in/Uploads/faculty/1240frt_EjajTarifAsst.ProfChemistrys.jpg","Dr. Ejaj Tarif","Assistant Professor","https://www.gla.ac.in/academics/faculty-detail/1240/dr-ejaj-tarif"
"https://www.gla.ac.in/Uploads/faculty/1256frt_275.png","Dr. Swati Singh Bhadauria","Assistant Professor","https://www.gla.ac.in/academics/faculty-detail/1256/dr-swati-singh-bhadauria"
"https://www.gla.ac.in/Uploads/faculty/1265frt_PushyaragaPVs.png","Ms. Pushyaraga P V","Assistant Professor","https://www.gla.ac.in/academics/faculty-detail/1265/ms-pushyaraga-p-v"
"https://www.gla.ac.in/Uploads/faculty/996frt_DrRuhis.jpg","Dr. Ruhi Sikka","Assistant Professor","https://www.gla.ac.in/academics/faculty-detail/996/dr-ruhi-sikka"
"https://www.gla.ac.in/Uploads/faculty/1465frt_SiddharthaPratapaAsst.ProfEnglishGLA124426.JPG","Dr. Siddhartha Pratapa","Assistant Professor","https://www.gla.ac.in/academics/faculty-detail/1465/dr-siddhartha-pratapa"
"https://www.gla.ac.in/Uploads/faculty/1436frt_ShrutiTiwariAsst.ProfMathematicsGLA124505-Copy.JPG","Dr. Shruti Tiwari","Assistant Professor","https://www.gla.ac.in/academics/faculty-detail/1436/dr-shruti-tiwari"
"https://www.gla.ac.in/Uploads/faculty/1264frt_PICCSMNIT-Copy.jpeg","Dr. Shubham Sharma","Assistant Professor","https://www.gla.ac.in/academics/faculty-detail/1264/dr-shubham-sharma"
"https://www.gla.ac.in/Uploads/faculty/1284frt_SwaroopKumarPandeys.png","Dr. Swaroop Kumar Pandey","Assistant Professor","https://www.gla.ac.in/academics/faculty-detail/1284/dr-swaroop-kumar-pandey"
"https://www.gla.ac.in/Uploads/faculty/997frt_DrHimanshus.jpg","Himanshu Gupta, Ph.D., MRSB","Assistant Professor","https://www.gla.ac.in/academics/faculty-detail/997/himanshu-gupta-phd-mrsb"
"https://www.gla.ac.in/Uploads/faculty/1279frt_TanyaMalhotraAsst.ProfEnglishGLA123460.jpg","Ms. Tanya Malhotra","Assistant Professor","https://www.gla.ac.in/academics/faculty-detail/1279/ms-tanya-malhotra"
"https://www.gla.ac.in/Uploads/faculty/1281frt_NehaKumariAsst.ProfEnglishGLA123459.jpg","Dr. Neha Kumari","Assistant Professor","https://www.gla.ac.in/academics/faculty-detail/1281/dr-neha-kumari-"
"https://www.gla.ac.in/Uploads/faculty/727frt_small.jpg","Prof. Anup Kumar Gupta","Vice Chancellor","https://www.gla.ac.in/academics/faculty-detail/727/prof-anup-kumar-gupta"
"https://www.gla.ac.in/Uploads/faculty/23frt_Dr.Anirudha-Pradhan-small.jpg","Prof. Anirudh Pradhan","Distinguished Professor and Director","https://www.gla.ac.in/academics/faculty-detail/23/prof-anirudh-pradhan"
"https://www.gla.ac.in/Uploads/faculty/79frt_Prof.ShoorVirSingh.JPG","Prof. Shoorvir Singh","Professor and Head","https://www.gla.ac.in/academics/faculty-detail/79/prof-shoorvir-singh"
"https://www.gla.ac.in/Uploads/faculty/89frt_Prof.DeepakKumarDasSmall.png","Prof. Deepak Kumar Das","Professor & Head","https://www.gla.ac.in/academics/faculty-detail/89/prof-deepak-kumar-das"
"https://www.gla.ac.in/Uploads/faculty/86frt_Manish-Goyal.jpg","Prof. Manish Goyal","Professor & Associate Head","https://www.gla.ac.in/academics/faculty-detail/86/prof-manish-goyal"
"https://www.gla.ac.in/Uploads/faculty/77frt_Dr_Raj-Pal-Singh-Professor-Physics_01.jpg","Prof. Raj Pal Singh","Professor","https://www.gla.ac.in/academics/faculty-detail/77/prof-raj-pal-singh"
"https://www.gla.ac.in/Uploads/faculty/75frt_Anuj-Vijay.jpg","Prof. Anuj Vijay","Professor","https://www.gla.ac.in/academics/faculty-detail/75/prof-anuj-vijay"
"https://www.gla.ac.in/Uploads/faculty/120frt_Benoy-Kumar-Singh.jpg","Dr. Benoy Kumar Singh","Associate Professor","https://www.gla.ac.in/academics/faculty-detail/120/dr-benoy-kumar-singh"
"https://www.gla.ac.in/Uploads/faculty/132frt_Abhishek-Srivastava.jpg","Dr. Abhishek Srivastava","Associate Professor","https://www.gla.ac.in/academics/faculty-detail/132/dr-abhishek-srivastava"
"https://www.gla.ac.in/Uploads/faculty/133frt_Basant-Lal.jpg","Dr. Basant Lal","Assistant Professor","https://www.gla.ac.in/academics/faculty-detail/133/dr-basant-lal"
"https://www.gla.ac.in/Uploads/faculty/1172frt_Mr.-Amit-Kumar-Chauhan-sm.jpg","Dr. Amit Kumar Chauhan","Assistant Professor","https://www.gla.ac.in/academics/faculty-detail/1172/dr-amit-kumar-chauhan"
"https://www.gla.ac.in/Uploads/faculty/92frt_VivekMelhotraAssociateProfessorEnglishGLA108253.JPG","Dr. Vivek Mehrotra","Associate Professor","https://www.gla.ac.in/academics/faculty-detail/92/dr-vivek-mehrotra"
"https://www.gla.ac.in/Uploads/faculty/93frt_Mamta-Bhatnagar.jpg","Dr. Mamta Bhatnagar","Assistant Professor","https://www.gla.ac.in/academics/faculty-detail/93/dr-mamta-bhatnagar"
"https://www.gla.ac.in/Uploads/faculty/110frt_Mukesh-Kumar.jpg","Dr. Mukesh Kumar","Assistant Professor","https://www.gla.ac.in/academics/faculty-detail/110/dr-mukesh-kumar"
"https://www.gla.ac.in/Uploads/faculty/119frt_Lokesh-Kumar-Sharma.jpg","Dr. Lokesh Kumar Sharma","Assistant Professor","https://www.gla.ac.in/academics/faculty-detail/119/dr-lokesh-kumar-sharma"
"https://www.gla.ac.in/Uploads/faculty/1177frt_Poojas.png","Dr. Pooja Verma","Assistant Professor","https://www.gla.ac.in/academics/faculty-detail/1177/dr-pooja-verma"
"https://www.gla.ac.in/Uploads/faculty/1178frt_Kapil-Kumar-sm.jpg","Mr. Kapil Kumar","Assistant Professor","https://www.gla.ac.in/academics/faculty-detail/1178/mr-kapil-kumar"
"https://www.gla.ac.in/Uploads/faculty/1174frt_Mr.-Shobhit-Sachan-sm.jpg","Mr. Shobhit Sachan","Assistant Professor","https://www.gla.ac.in/academics/faculty-detail/1174/mr-shobhit-sachan"
"https://www.gla.ac.in/Uploads/faculty/84frt_Anjana-Goel.jpg","Dr. Anjana Goel","Associate Professor","https://www.gla.ac.in/academics/faculty-detail/84/-dr-anjana-goel"
"https://www.gla.ac.in/Uploads/faculty/104frt_Vishal-Khandelwal.jpg","Dr. Vishal Khandelwal","Associate Professor","https://www.gla.ac.in/academics/faculty-detail/104/dr-vishal-khandelwal"
"https://www.gla.ac.in/Uploads/faculty/107frt_Priyanka-Garg.jpg","Dr. Priyanka Garg","Assistant Professor","https://www.gla.ac.in/academics/faculty-detail/107/dr-priyanka-garg"
"https://www.gla.ac.in/Uploads/faculty/117frt_Prabal-Pratap-Singh.jpg","Dr. Prabal Pratap Singh","Associate Professor","https://www.gla.ac.in/academics/faculty-detail/117/dr-prabal-pratap-singh"
"https://www.gla.ac.in/Uploads/faculty/136frt_Dr.-Geeta-Varshney-01.jpg","Dr. Geeta Varshney","Assistant Professor","https://www.gla.ac.in/academics/faculty-detail/136/dr-geeta-varshney"
"https://www.gla.ac.in/Uploads/faculty/497frt_AnujKumarAsst.ProfChemistryGLA119514.JPG","Dr. Anuj Kumar","Assistant Professor","https://www.gla.ac.in/academics/faculty-detail/497/dr-anuj-kumar"
"https://www.gla.ac.in/Uploads/faculty/1176frt_Mr.-Mrinal-Jauhari-sm.jpg","Mr. Mrinal Jauhari","Assistant Professor","https://www.gla.ac.in/academics/faculty-detail/1176/mr-mrinal-jauhari"
"https://www.gla.ac.in/Uploads/faculty/98frt_Anuja-Mishra.jpg","Dr. Anuja Mishra","Assistant Professor","https://www.gla.ac.in/academics/faculty-detail/98/dr-anuja-mishra"
"https://www.gla.ac.in/Uploads/faculty/118frt_Vivek-Sharma.jpg","Dr. Vivek Sharma","Associate Professor","https://www.gla.ac.in/academics/faculty-detail/118/dr-vivek-sharma"
"https://www.gla.ac.in/Uploads/faculty/134frt_Amit-Kumar-Saraswat.jpg","Dr. Amit Kumar Saraswat","Associate Professor","https://www.gla.ac.in/academics/faculty-detail/134/dr-amit-kumar-saraswat"
"https://www.gla.ac.in/Uploads/faculty/140frt_Pradeep-Kumar-Choudhary.jpg","Dr. Pradeep Kumar Choudhary","Associate Professor","https://www.gla.ac.in/academics/faculty-detail/140/dr-pradeep-kumar-choudhary"
"https://www.gla.ac.in/Uploads/faculty/109frt_Ambuj-Kumar-Mishra.jpg","Dr. Ambuj Kumar Mishra","Associate Professor","https://www.gla.ac.in/academics/faculty-detail/109/dr-ambuj-kumar-mishra"
"https://www.gla.ac.in/Uploads/faculty/143frt_Alok-Bharadwaj.jpg","Dr. Alok Bharadwaj","Associate Professor","https://www.gla.ac.in/academics/faculty-detail/143/dr-alok-bharadwaj"
"https://www.gla.ac.in/Uploads/faculty/472frt_SanjeevGuptaAsst.Prof.GLA119501.JPG","Dr. Sanjeev Gupta","Assistant Professor","https://www.gla.ac.in/academics/faculty-detail/472/dr-sanjeev-gupta"
"https://www.gla.ac.in/Uploads/faculty/170frt_Saurabhs.jpg","Dr. Saurabh Gupta","Assistant Professor- Research","https://www.gla.ac.in/academics/faculty-detail/170/dr-saurabh-gupta"
"https://www.gla.ac.in/Uploads/faculty/576frt_vineetapandeysmall.jpg","Dr. Vineeta Pandey","Assistant Professor","https://www.gla.ac.in/academics/faculty-detail/576/dr-vineeta-pandey"
"https://www.gla.ac.in/Uploads/faculty/146frt_Pankaj-Garg.jpg","Dr. Pankaj Garg","Assistant Professor","https://www.gla.ac.in/academics/faculty-detail/146/dr-pankaj-garg"
"https://www.gla.ac.in/Uploads/faculty/152frt_Divya-Gupta.jpg","Dr. Divya Gupta","Assistant Professor","https://www.gla.ac.in/academics/faculty-detail/152/dr-divya-gupta"
"https://www.gla.ac.in/Uploads/faculty/663frt_AnukoolVaishnavsmall.jpg","Dr. Anukool Vaishnav","Assistant Professor","https://www.gla.ac.in/academics/faculty-detail/663/dr-anukool-vaishnav"
"https://www.gla.ac.in/Uploads/faculty/1204frt_SankarMajumderS.png","Prof. Sankar Majumder","Professor","https://www.gla.ac.in/academics/faculty-detail/1204/prof-sankar-majumder"
"https://www.gla.ac.in/Uploads/faculty/160frt_mukund.jpg","Dr. Mukund Kumar Mishra","Assistant Professor","https://www.gla.ac.in/academics/faculty-detail/160/dr-mukund-kumar-mishra"
"https://www.gla.ac.in/Uploads/faculty/101frt_rama-sharma.jpg","Dr. Rama Sharma","Associate Professor","https://www.gla.ac.in/academics/faculty-detail/101/dr-rama-sharma"
"https://www.gla.ac.in/Uploads/faculty/1326frt_VijayKumarMishraAsst.Prof.PhysicsGLA123489-Copy.JPG","Mr. Vijay Kumar Mishra","Assistant Professor","https://www.gla.ac.in/academics/faculty-detail/1326/mr-vijay-kumar-mishra"
"https://www.gla.ac.in/Uploads/faculty/122frt_Monika-Goyal.jpg","Dr. Monika Goyal","Professor","https://www.gla.ac.in/academics/faculty-detail/122/dr-monika-goyal"
"https://www.gla.ac.in/Uploads/faculty/166frt_Dr.Jaya-Sharma-01.jpg","Dr. Jaya Sharma","Assistant Professor","https://www.gla.ac.in/academics/faculty-detail/166/dr-jaya-sharma"
"https://www.gla.ac.in/Uploads/faculty/624frt_Dr.PrateekPandeyAsst.ProfessorEnglishs.jpg","Dr. Prateek Pandey","Assistant Professor","https://www.gla.ac.in/academics/faculty-detail/624/dr-prateek-pandey"
"https://www.gla.ac.in/Uploads/faculty/1158frt_RohitKumar.jpg","Dr. Rohit Kumar","Assistant Professor","https://www.gla.ac.in/academics/faculty-detail/1158/dr-rohit-kumar"
"https://www.gla.ac.in/Uploads/faculty/659frt_DharmVeerSinghsmall.jpg","Dr. Dharm Veer Singh","Assistant Professor(Research)","https://www.gla.ac.in/academics/faculty-detail/659/dr-dharm-veer-singh"
"https://www.gla.ac.in/Uploads/faculty/1156frt_Amits.jpg","Dr. Amit Kumar","Assistant Professor","https://www.gla.ac.in/academics/faculty-detail/1156/dr-amit-kumar"
"https://www.gla.ac.in/Uploads/faculty/83frt_Dr.-Shyam-Ji-01.jpg","Dr. Shyam Ji Dubey","Assistant Professor","https://www.gla.ac.in/academics/faculty-detail/83/dr-shyam-ji-dubey"
"https://www.gla.ac.in/Uploads/faculty/554frt_RashmiSinghAsst-Prof.jpg","Dr. Rashmi Singh","Assistant Professor","https://www.gla.ac.in/academics/faculty-detail/554/dr-rashmi-singh"
"https://www.gla.ac.in/Uploads/faculty/1157frt_Amita-Yadav-sm.jpg","Dr. Amita Yadav","Assistant Professor","https://www.gla.ac.in/academics/faculty-detail/1157/dr-amita-yadav"
"https://www.gla.ac.in/Uploads/faculty/1160frt_Mr.-Sanjeev-Kumar-sm.jpg","Dr. Sanjeev Kumar","Associate Professor","https://www.gla.ac.in/academics/faculty-detail/1160/dr-sanjeev-kumar"
"https://www.gla.ac.in/Uploads/faculty/85frt_Dr.-Manoj-Kumar-Singh-01.jpg","Dr. Manoj Kumar Singh","Assistant Professor ( Research)","https://www.gla.ac.in/academics/faculty-detail/85/dr-manoj-kumar-singh"
"https://www.gla.ac.in/Uploads/faculty/1202frt_Dr.VipinChandraDubey.jpg","Dr. Vipin Chandra Dubey","Assistant Professor","https://www.gla.ac.in/academics/faculty-detail/1202/-dr-vipin-chandra-dubey"
"https://www.gla.ac.in/Uploads/faculty/991frt_SaptarshiS.jpg","Dr. Saptarshi Pal","Assistant Professor","https://www.gla.ac.in/academics/faculty-detail/991/dr-saptarshi-pal"
"https://www.gla.ac.in/Uploads/faculty/1093frt_abhis.png","Dr. Abhishek Kumar Singh","Assistant Professor","https://www.gla.ac.in/academics/faculty-detail/1093/dr-abhishek-kumar-singh"
"https://www.gla.ac.in/Uploads/faculty/799frt_DrVivekKumarsmall.jpg","Dr. Vivek Kumar","","https://www.gla.ac.in/academics/faculty-detail/799/dr-vivek-kumar"
"https://www.gla.ac.in/Uploads/faculty/1113frt_Dr-Dilip-Kumar-Sharma-sm.png","Dr. Sarmistha Saha","Assistant Professor","https://www.gla.ac.in/academics/faculty-detail/1113/dr-sarmistha-saha"
"https://www.gla.ac.in/Uploads/faculty/1114frt_dr-rishikesh-shukla-sm.png","Dr. Rishikesh Shukla","Assistant Professor","https://www.gla.ac.in/academics/faculty-detail/1114/dr-rishikesh-shukla"
"https://www.gla.ac.in/Uploads/faculty/1148frt_Ms.-Oliva-Roy-sm.jpg","Dr. Oliva Roy","Assistant Professor","https://www.gla.ac.in/academics/faculty-detail/1148/dr-oliva-roy"
"https://www.gla.ac.in/Uploads/faculty/1147frt_Ms.-Kasturi-Das-sm.jpg","Ms. Kasturi Das","Assistant Professor","https://www.gla.ac.in/academics/faculty-detail/1147/ms-kasturi-das"
"https://www.gla.ac.in/Uploads/faculty/1145frt_Nidhi-Jaiswal-sm.jpg","Ms. Nidhi Jaiswal","Assistant Professor","https://www.gla.ac.in/academics/faculty-detail/1145/ms-nidhi-jaiswal"
"https://www.gla.ac.in/Uploads/faculty/1430frt_FalguniRathoreAsst.Prof.AgricultureGLA124411(1).JPG","Dr. Falguni Rathore","Assistant Professor","https://www.gla.ac.in/academics/faculty-detail/1430/dr-falguni-rathore"
"https://www.gla.ac.in/Uploads/faculty/1154frt_Ms.-Sohela-Mukherjee-sm.jpg","Dr. Sohela Mukherjee","Assistant Professor","https://www.gla.ac.in/academics/faculty-detail/1154/dr-sohela-mukherjee"
"https://www.gla.ac.in/Uploads/faculty/627frt_Dr.MohammadYaseenAsst.ProfAgriculturesmall.jpg","Dr. Mohammad Yaseen","Assistant Professor","https://www.gla.ac.in/academics/faculty-detail/627/dr-mohammad-yaseen"
"https://www.gla.ac.in/Uploads/faculty/974frt_NiharikaK-S.jpg","Dr. Niharika Kulshrestha","Assistant Professor - Research","https://www.gla.ac.in/academics/faculty-detail/974/dr-niharika-kulshrestha-"
"https://www.gla.ac.in/Uploads/faculty/942frt_Sadhna-Mishra.jpg","Dr. Sadhna Mishra","Assistant Professor","https://www.gla.ac.in/academics/faculty-detail/942/dr-sadhna-mishra"
"https://www.gla.ac.in/Uploads/faculty/1318frt_SukritiAsst.ProfPhysicsGLA123484-Copy.JPG","Dr. Sukriti","Assistant Professor","https://www.gla.ac.in/academics/faculty-detail/1318/dr-sukriti"
"https://www.gla.ac.in/Uploads/faculty/1461frt_Dr.PavanSinghAsst.ProfAgriculturalGLA124428(1).JPG","Dr. Pavan Singh","Assistant Professor","https://www.gla.ac.in/academics/faculty-detail/1461/dr-pavan-singh"
"https://www.gla.ac.in/Uploads/faculty/1315frt_ChandniKumariAsst.ProfMathGLA123492.JPG","Dr. Chandni Kumari","Assistant Professor","https://www.gla.ac.in/academics/faculty-detail/1315/dr-chandni-kumari"
"https://www.gla.ac.in/Uploads/faculty/1432frt_WhatsAppImage2024-06-27at1.36.39PM.jpeg","Dr. Ankita Pandey","Assistant Professor","https://www.gla.ac.in/academics/faculty-detail/1432/dr-ankita-pandey"
"https://www.gla.ac.in/Uploads/faculty/1317frt_VaibhavSinghAsst.Prof.AgricultureGLA123494.JPG","Dr. Vaibhav Singh","Assistant Professor","https://www.gla.ac.in/academics/faculty-detail/1317/dr-vaibhav-singh"